{"settings":{"Skybox":[null,null,null,null,null,null],"User Settings":{"Movement Speed":3,"Enable Flying":true,"User Scale":1,"Swap Joysticks":false},"Acknowledgements":[{"Asset":"VR Gallery TEST","Author":"Sketchfab User jimbogies","License":"CC Attribution","Source URL":"https://sketchfab.com/3d-models/none-d99b6663b89a432bb1202d76d8672051","Preview Image URL":"https://media.sketchfab.com/models/d99b6663b89a432bb1202d76d8672051/thumbnails/8ada08041f9147d59ac85505166ce922/511ba95b9a494ef2963f6d704eda3b81.jpeg"}]},"version":"0.3.3","components":{},"custom_assets":{},"audios":{},"images":{},"lights":{"7605bff2-8ca3-4a47-b6f7-311d745507de":[{"id":"12f8c1b3-3d11-4470-a7df-0ef45aca79e3","name":"Ambient Light","assetId":"7605bff2-8ca3-4a47-b6f7-311d745507de","components":[],"parentId":"dc23454b-9d3c-4c94-b1d2-0448ec28415f","position":[0,0,0],"renderOrder":0,"rotation":[0,0,0],"scale":[1,1,1],"visualEdit":false,"color":16777215,"intensity":3}],"495a9c3f-fa4f-4c55-9a38-74f4f34450cc":[{"id":"f6187e15-99bf-4081-ac64-5f5744b711af","name":"Directional Light","assetId":"495a9c3f-fa4f-4c55-9a38-74f4f34450cc","components":[],"parentId":"dc23454b-9d3c-4c94-b1d2-0448ec28415f","position":[0,0,0],"renderOrder":0,"rotation":[0,0,0],"scale":[1,1,1],"visualEdit":false,"color":16777215,"intensity":3,"direction":[0,-1,0]}]},"materials":{},"models":{"c272e4eb-24ab-4d2f-bfc2-1449d0c8ef32":[{"id":"de754d6e-fa57-4cca-805a-c001f52ad63c","name":"VR Gallery TEST","assetId":"c272e4eb-24ab-4d2f-bfc2-1449d0c8ef32","components":[],"parentId":"dc23454b-9d3c-4c94-b1d2-0448ec28415f","position":[0,0,0],"renderOrder":0,"rotation":[0,0,0],"scale":[1,1,1],"visualEdit":false}]},"shapes":{},"systems":{},"texts":{},"textures":{},"videos":{},"library":{"c272e4eb-24ab-4d2f-bfc2-1449d0c8ef32":{"Name":"VR Gallery TEST","Type":"MODEL","SketchfabID":"d99b6663b89a432bb1202d76d8672051","Filepath":"assets/c272e4eb-24ab-4d2f-bfc2-1449d0c8ef32/VR Gallery TEST"}}}