{"settings":{"Skybox":["5e1fc277-2b86-433e-a320-180090145df8","7f14d14a-3581-41af-9f4d-124ae052cd50","37f3becd-0b96-45e1-bb8c-28aaf892bf29","177f141e-03bc-4233-9235-edeab2a819cb","330ba897-dd7b-4ee2-bb3d-741d72fb78ee","23071ec3-7be4-420f-a4c4-9d545c145ab8"],"User Settings":{"Movement Speed":3,"Enable Flying":true,"User Scale":1,"Swap Joysticks":false},"Acknowledgements":[]},"version":"0.3.3","components":{},"custom_assets":{},"audios":{},"images":{},"lights":{"944a6b29-05d2-47d9-9b33-60e7a3e18b7d":[{"id":"458a3e47-7f3c-4bc2-95d1-f5b49b3a1d1c","name":"Moon Light","assetId":"944a6b29-05d2-47d9-9b33-60e7a3e18b7d","components":[],"parentId":"dc23454b-9d3c-4c94-b1d2-0448ec28415f","position":[-143.70459,261.36328,-30.28498],"renderOrder":0,"rotation":[0,0,0],"scale":[1,1,1],"visualEdit":true,"color":16777215,"intensity":100000,"distance":0,"decay":2}],"7605bff2-8ca3-4a47-b6f7-311d745507de":[{"id":"26189610-6433-4520-b7bc-021e5c42366c","name":"Ambient Light","assetId":"7605bff2-8ca3-4a47-b6f7-311d745507de","components":[],"parentId":"dc23454b-9d3c-4c94-b1d2-0448ec28415f","position":[0,0,0],"renderOrder":0,"rotation":[0,0,0],"scale":[1,1,1],"visualEdit":false,"color":16777215,"intensity":1}]},"materials":{},"models":{},"shapes":{},"systems":{},"texts":{},"textures":{},"videos":{},"library":{"37f3becd-0b96-45e1-bb8c-28aaf892bf29":{"Name":"space skybox up.jpg","Type":"IMAGE","Filepath":"assets/37f3becd-0b96-45e1-bb8c-28aaf892bf29/space skybox up.jpg"},"330ba897-dd7b-4ee2-bb3d-741d72fb78ee":{"Name":"space skybox front.jpg","Type":"IMAGE","Filepath":"assets/330ba897-dd7b-4ee2-bb3d-741d72fb78ee/space skybox front.jpg"},"23071ec3-7be4-420f-a4c4-9d545c145ab8":{"Name":"space skybox back.jpg","Type":"IMAGE","Filepath":"assets/23071ec3-7be4-420f-a4c4-9d545c145ab8/space skybox back.jpg"},"7f14d14a-3581-41af-9f4d-124ae052cd50":{"Name":"space skybox left.jpg","Type":"IMAGE","Filepath":"assets/7f14d14a-3581-41af-9f4d-124ae052cd50/space skybox left.jpg"},"5e1fc277-2b86-433e-a320-180090145df8":{"Name":"space skybox right.jpg","Type":"IMAGE","Filepath":"assets/5e1fc277-2b86-433e-a320-180090145df8/space skybox right.jpg"},"177f141e-03bc-4233-9235-edeab2a819cb":{"Name":"space skybox down.jpg","Type":"IMAGE","Filepath":"assets/177f141e-03bc-4233-9235-edeab2a819cb/space skybox down.jpg"}}}