{"settings":{"Skybox":{"FRONT":"630312ea-e637-4559-ae10-8ec1ccb13ae7","BACK":"c75f14a2-4b1c-42ea-8583-3341f191293b","LEFT":"16271986-ac59-4494-b58c-b0ed5e2840ab","RIGHT":"b6a075e6-33e8-4647-8f1b-7e7adaeed60b","TOP":"41207b48-296c-4a80-b9ba-7d2d8b9eb861","BOTTOM":"5ff5133d-1acb-4325-aea8-7279864f96f3"},"User Settings":{"Movement Speed":3,"Enable Flying":true,"User Scale":1,"Swap Joysticks":false},"Acknowledgements":[{"Asset":"Beee ,  bumblebee","Author":"Sketchfab User i.deal3d","License":"CC Attribution","Source URL":"https://sketchfab.com/3d-models/none-816b3d1876434439bb02b6046d51ca32","Preview Image URL":"https://media.sketchfab.com/models/816b3d1876434439bb02b6046d51ca32/thumbnails/1f9b3fc6f40d42408fd754e9f5189856/612b6d8eeba749e4855689930c4354ce.jpeg"},{"Asset":"Ghost","Author":"Sketchfab User Dilan180H","License":"CC Attribution","Source URL":"https://sketchfab.com/3d-models/none-21e290707bd449dc82f987cc622ecaa5","Preview Image URL":"https://media.sketchfab.com/models/21e290707bd449dc82f987cc622ecaa5/thumbnails/62ff763c4fe846b3951ed06671632078/be156cddb7b841e08b6f756d99fe95fa.jpeg"},{"Asset":"Tree","Author":"Sketchfab User farhad.Guli","License":"CC Attribution","Source URL":"https://sketchfab.com/3d-models/tree-7016d1d32fe748f0a8b3f5eb39374bc4"}]},"version":"0.1.2","components":{"d9891de1-914d-4448-9e66-8867211b5dc8":[{"id":"e32eb638-918b-4388-b665-be99e00f5ba5","name":"Grabbable","assetId":"d9891de1-914d-4448-9e66-8867211b5dc8","components":[],"stealable":true}],"a9d2e22f-ddf6-49fe-a420-5fffd5ee69a3":[{"id":"dd21a79d-82e8-4a65-b751-1efad2ab7eb7","name":"Texture Scroll","assetId":"a9d2e22f-ddf6-49fe-a420-5fffd5ee69a3","components":[],"scrollPercent":[1,1],"period":1}]},"custom_assets":{"1b67a2a6-0049-4074-8b37-0c65010909ad":[{"id":"7ef52df0-da0a-41fa-b7cc-2e6510423f58","name":"Welcome Text","assetId":"1b67a2a6-0049-4074-8b37-0c65010909ad","components":[],"position":[0,1.9,-2.75],"rotation":[0,0,0,"XYZ"],"scale":[1,1,1],"visualEdit":false,"backgroundColor":0,"backgroundOpacity":1,"borderRadius":0.1,"fontColor":16777215,"fontSize":0.1,"height":1,"justifyContent":"center","padding":0.2,"pointerText":"Welcome to the Digital Bacon Editor! Use WASD or Arrow Keys to move around. To look in a different direction, just click and drag on the screen. You can also zoom in or out to get more of a first person or third person view","mobileText":"Welcome to the Digital Bacon Editor! Use the joystick in the bottom left to move around. To look in a different direction, just drag your finger across the screen. You can also zoom in or out to get more of a first person or third person view","xrText":"Welcome to the Digital Bacon Editor! Use the left joystick to move around. The right joystick will allow you to fly up/down and snap rotate yourself to the left/right","width":2.4},{"id":"56dc77b3-03a2-4841-8a6d-fe781547ef59","name":"Bridge Text","assetId":"1b67a2a6-0049-4074-8b37-0c65010909ad","components":[],"position":[0,1.9,-10],"rotation":[0,0,0,"XYZ"],"scale":[1,1,1],"visualEdit":false,"backgroundColor":0,"backgroundOpacity":1,"borderRadius":0.1,"fontColor":16777215,"fontSize":0.1,"height":0.8,"justifyContent":"center","padding":0.1,"pointerText":"Let's move this bridge so that it connects these two sky islands together. Just click on it to start editing","mobileText":"Let's move this bridge so that it connects these two sky islands together. Just tap on it to start editing","xrText":"Let's move this bridge so that it connects these two sky islands together. You can use the grip button on either controller to grab it","width":1.8},{"id":"4a62e7d0-ca0f-4122-a5ab-3d83535bd3c1","name":"Small Tree Text","assetId":"1b67a2a6-0049-4074-8b37-0c65010909ad","components":[],"position":[8.77124,1.7,-31.69034],"rotation":[0,-0.67664,0,"XYZ"],"scale":[1,1,1],"visualEdit":false,"backgroundColor":0,"backgroundOpacity":1,"borderRadius":0.1,"fontColor":16777215,"fontSize":0.1,"height":0.9,"justifyContent":"center","padding":0.1,"pointerText":"Let's make this tree a little bigger. Instead of clicking on and dragging the colored gizmos when scaling, you can just click and drag anywhere else on the asset to scale in all directions at once","mobileText":"Let's make this tree a little bigger. Instead of tapping on and dragging the colored gizmos when scaling, you can just tap and drag anywhere else on the asset to scale in all directions at once","xrText":"Let's make this tree a little bigger. Grabbing an asset with two hands allows you to scale it up and down","width":2.1},{"id":"9000bbb5-2d32-4eb9-9120-ea0c308004df","name":"Bridge 2 Text","assetId":"1b67a2a6-0049-4074-8b37-0c65010909ad","components":[],"position":[14.04971,1.7,-32.05844],"rotation":[0,-1.31608,0,"XYZ"],"scale":[1,1,1],"visualEdit":false,"backgroundColor":0,"backgroundOpacity":1,"borderRadius":0.1,"fontColor":16777215,"fontSize":0.1,"height":1.2,"justifyContent":"center","padding":0.15,"pointerText":"Let's make a copy of the first bridge and place it over here. You can either use the copy button in the left editing panel after clicking on the bridge or your computer's copy and paste shortcuts","mobileText":"Let's make a copy of the first bridge and place it over here. You may have to scroll the left editing panel after tapping the bridge to find the copy option depending on your phone screen's height","xrText":"Let's make a copy of the first bridge and place it over here. You currently have basic editing hands on. Open the virtual menu using the primary button on the controller and go the hands section. Once Copy / Paste hands are enabled, you can use your left trigger or grip button to copy and the right ones to paste","width":2.5},{"id":"b3a7b69f-223f-43af-a298-6547d1ecf576","name":"Bee Text","assetId":"1b67a2a6-0049-4074-8b37-0c65010909ad","components":[],"position":[34.222,1.7,-32.54172],"rotation":[0,-1.49617,0,"XYZ"],"scale":[1,1,1],"visualEdit":false,"backgroundColor":0,"backgroundOpacity":1,"borderRadius":0.1,"fontColor":16777215,"fontSize":0.1,"height":1.4,"justifyContent":"center","padding":0.1,"pointerText":"I don't think bees like ghosts. Let's delete the ghost and find a nice flower for it instead. Open the virtual menu using the top right button or \"M\" key, go to Library -> Models -> + button at the top right. If you have a sketchfab account, you can connect that to access tons of free models. Otherwise you can upload your own .glb files. Alternatively, you can go back to the images section instead and upload a nice picture of yourself to keep the bee company. But you should really just get some flowers from Sketchfab. A bee's gotta eat right?","mobileText":"I don't think bees like ghosts. Let's delete the ghost and find a nice flower for it instead. Open the virtual menu using the top right button, go to Library -> Models -> + button at the top right. If you have a sketchfab account, you can connect that to access tons of free models. Otherwise you can upload your own .glb files. Alternatively, you can go back to the images section instead and upload a nice picture of yourself to keep the bee company. But you should really just get some flowers from Sketchfab. A bee's gotta eat right?","xrText":"I don't think bees like ghosts. Let's delete the ghost and find a nice flower for it instead. In the virtual menu, go to Library -> Models -> + button at the top right. If you have a sketchfab account, you can connect that to access tons of free models. Otherwise you can upload your own .glb files. Alternatively, you can go back to the images section instead and upload a nice picture of yourself to keep the bee company. But you should really just get some flowers from Sketchfab. A bee's gotta eat right?","width":3.2},{"id":"8eb68587-578a-47c7-96c6-c04d7b924b23","name":"Flight Text","assetId":"1b67a2a6-0049-4074-8b37-0c65010909ad","components":[],"position":[29.00526,1.7,-35.44931],"rotation":[0,0.76546,0,"XYZ"],"scale":[1,1,1],"visualEdit":false,"backgroundColor":0,"backgroundOpacity":1,"borderRadius":0.1,"fontColor":16777215,"fontSize":0.1,"height":0.95,"justifyContent":"center","padding":0.1,"pointerText":" You can use the spacebar and shift keys to fly up and down. Should be pretty easy to get to that island above now","mobileText":"         If you haven't noticed it yet, there are up and down buttons in the bottom right of your screen you can use to fly up and down. Should be pretty easy to get to that island above now","xrText":"Let's fly up to that island above now. If you're left handed, you can swap the joysticks in virtual menu under Editor Settings if you like","width":1.8}],"270aff2d-3706-4b36-bc36-c13c974d819f":[{"id":"4239c6e1-10a8-4f14-abd2-6d93397b8edc","name":"Fallen Tree Text","assetId":"270aff2d-3706-4b36-bc36-c13c974d819f","components":[],"position":[3.66673,1.7,-28.88591],"rotation":[0,-0.03253,0,"XYZ"],"scale":[1,1,1],"visualEdit":false,"backgroundColor":0,"backgroundOpacity":1,"borderRadius":0.1,"fontColor":16777215,"fontSize":0.1,"height":0.8,"justifyContent":"center","padding":0.1,"text":"Looks like this tree fell down. Maybe you can help place it upright again by editing it like you did with the bridge","width":2},{"id":"1ca1ca3a-36c7-452f-912b-77631db6ba13","name":"Shapes, Materials, and Textures Text","assetId":"270aff2d-3706-4b36-bc36-c13c974d819f","components":[],"position":[15.45444,6.7,-46.38835],"rotation":[0,0.8726646259971648,0,"XYZ"],"scale":[1,1,1],"visualEdit":false,"backgroundColor":0,"backgroundOpacity":1,"borderRadius":0.1,"fontColor":16777215,"fontSize":0.1,"height":1.4,"justifyContent":"center","padding":0.1,"text":"Digital Bacon supports all sorts of primitive shapes. In the Library, click on Shapes and add any shape you want. Once you've done that, add a new standard material for it so you can use your favorite color. You can even add a picture of yourself to it by creating a texture for the Texture Map attribute and using your image in that texture. There are tons of attributes to play with in different shapes, materials, and textures, so go have some fun. If you feel overwhelmed, there's plenty of information in the Application Guide accessible on Digital Bacon's home page","width":3},{"id":"7a2f1ef0-e249-4f4c-98b4-0cf02dc58547","name":"Visually Edit Text","assetId":"270aff2d-3706-4b36-bc36-c13c974d819f","components":[],"position":[16.44705,6.7,-51.86737],"rotation":[0,0.6108652381980153,0,"XYZ"],"scale":[1,1,1],"visualEdit":false,"backgroundColor":0,"backgroundOpacity":1,"borderRadius":0.1,"fontColor":16777215,"fontSize":0.1,"height":1.1,"justifyContent":"center","padding":0.1,"text":"You may have noticed some assets can't be edited by hand. That's because visual editing has been disabled for them so we don't accidentally edit them while working on other assets. You can toggle this setting for each asset on their asset page in the Library","width":2},{"id":"3332738b-9d0a-4f96-9209-918caf51eb9e","name":"Speed Up Text","assetId":"270aff2d-3706-4b36-bc36-c13c974d819f","components":[],"position":[10.690793743518412,6.7,-54.5975023554022],"rotation":[0,0.7853981633974483,0,"XYZ"],"scale":[1,1,1],"visualEdit":true,"backgroundColor":0,"backgroundOpacity":1,"borderRadius":0.1,"fontColor":16777215,"fontSize":0.1,"height":1,"justifyContent":"center","padding":0.1,"text":"Looks like there's another island much farther away. We can get there a lot faster by updating our speed in the Editor Settings of the virtual menu","width":1.6},{"id":"703dfb3c-6a74-4a74-b824-2793cb431a66","name":"Colored Light Text","assetId":"270aff2d-3706-4b36-bc36-c13c974d819f","components":[],"position":[-30,-8.3,-100],"rotation":[0,0.6981317007977318,0,"XYZ"],"scale":[1,1,1],"visualEdit":false,"backgroundColor":0,"backgroundOpacity":1,"borderRadius":0.1,"fontColor":16777215,"fontSize":0.1,"height":0.9,"justifyContent":"center","padding":0.1,"text":"It's a little foggy here. Maybe some colored light would be a cool effect to have over the fog","width":1.2},{"id":"c0b24779-079c-4816-b385-f983942292fa","name":"Fog Text","assetId":"270aff2d-3706-4b36-bc36-c13c974d819f","components":[],"position":[-24,-8.3,-105],"rotation":[0,-0.87266,0,"XYZ"],"scale":[1,1,1],"visualEdit":false,"backgroundColor":0,"backgroundOpacity":1,"borderRadius":0.1,"fontColor":16777215,"fontSize":0.1,"height":1.4,"justifyContent":"center","padding":0.1,"text":"Want to know how the fog works? Digital Bacon supports custom components, systems, and assets too. There's a Texture Scroller System that's been added that will scroll any texture with a Texture Scroll component added to it. Once you find the fog texture in the Library, if you click on the little gear icon next to the name, you can see a list of components attached to it. You can update how fast the texture scrolls by updating the component","width":2.5},{"id":"8985bf76-015d-4fce-a482-f80116dd4820","name":"Fog 2 Text","assetId":"270aff2d-3706-4b36-bc36-c13c974d819f","components":[],"position":[-22.72574,-8.3,-103.05859],"rotation":[0,-1.19581,0,"XYZ"],"scale":[1,1,1],"visualEdit":false,"backgroundColor":0,"backgroundOpacity":1,"borderRadius":0.1,"fontColor":16777215,"fontSize":0.1,"height":1.4,"justifyContent":"center","padding":0.1,"text":"You might notice some transparency and depth in the fog also. That's because we use the fog texture as the alpha map for transparency and displacement map for depth","width":1.4},{"id":"43d4968c-48a5-4ba0-b7f9-2f6b2ec2e1d4","name":"Save Text","assetId":"270aff2d-3706-4b36-bc36-c13c974d819f","components":[],"position":[-22.22991,-8.3,-100.81121],"rotation":[0,-1.47713,0,"XYZ"],"scale":[1,1,1],"visualEdit":false,"backgroundColor":0,"backgroundOpacity":1,"borderRadius":0.1,"fontColor":16777215,"fontSize":0.1,"height":1.4,"justifyContent":"center","padding":0.1,"text":"You can save this project to your device or to Google Drive through the Project File section of the virtual menu. If you want to host this project online, there are hosting guides available in the Home Page to help get you started. Just note that the editing tools won't be available in the live version of your website. You'll have to include additional components + systems to make your live website interactive","width":2.3},{"id":"7995d339-c64c-4bd8-85f8-cbebaf24da91","name":"Grabbable Text","assetId":"270aff2d-3706-4b36-bc36-c13c974d819f","components":[],"position":[-22.34921,-8.3,-98.55386],"rotation":[-3.14159,-1.3422,-3.14159,"XYZ"],"scale":[1,1,1],"visualEdit":false,"backgroundColor":0,"backgroundOpacity":1,"borderRadius":0.1,"fontColor":16777215,"fontSize":0.1,"height":1.4,"justifyContent":"center","padding":0.1,"text":"The Grabbable component and system will let users pick things up in the live website for example. It won't work in the editor since there are editing tools already provided. You can find more components and systems to download online","width":1.55},{"id":"c9ba2b2d-735e-4960-8ef7-fdff102c98cd","name":"Multi-User Text","assetId":"270aff2d-3706-4b36-bc36-c13c974d819f","components":[],"position":[-22.89475,-8.3,-96.85356],"rotation":[-3.14159,-1.16042,-3.14159,"XYZ"],"scale":[1,1,1],"visualEdit":false,"backgroundColor":0,"backgroundOpacity":1,"borderRadius":0.1,"fontColor":16777215,"fontSize":0.1,"height":1.4,"justifyContent":"center","padding":0.1,"text":"If you want to edit projects with friends, you can host a room through the Connect with Peers section of the virtual menu. When they join, they'll immediately get a copy of the project the host has up","width":1.3}]},"audios":{},"images":{},"lights":{"7605bff2-8ca3-4a47-b6f7-311d745507de":[{"id":"d1600edf-9bb9-46c5-8a38-eae791a15dac","name":"Ambient Light","assetId":"7605bff2-8ca3-4a47-b6f7-311d745507de","components":[],"position":[0,0,0],"rotation":[0,-0.42779395486448446,0,"XYZ"],"scale":[1,1,1],"visualEdit":false,"color":16777215,"intensity":1}],"944a6b29-05d2-47d9-9b33-60e7a3e18b7d":[{"id":"5d4ab167-08c8-4768-a1ab-d3697e5c4659","name":"Sun","assetId":"944a6b29-05d2-47d9-9b33-60e7a3e18b7d","components":[],"position":[0,16.56485,498.01639],"rotation":[0,0,0,"XYZ"],"scale":[1,1,1],"visualEdit":true,"color":16777215,"intensity":200000,"distance":0,"decay":2},{"id":"87eb2de7-8230-4145-b839-596376825aab","name":"Opposite from sun","assetId":"944a6b29-05d2-47d9-9b33-60e7a3e18b7d","components":[],"position":[0,100,-100],"rotation":[0,0.05423245423076341,0,"XYZ"],"scale":[1,1,1],"visualEdit":true,"color":16777215,"intensity":10000,"distance":0,"decay":2}]},"materials":{"a6a1aa81-50a6-4773-aaf5-446d418c9817":[{"id":"4f1be93a-6552-4de9-9ea2-5cb1b9d9757d","name":"Grass","assetId":"a6a1aa81-50a6-4773-aaf5-446d418c9817","components":[],"opacity":1,"side":0,"transparent":false,"bumpScale":1,"color":3793537,"displacementScale":1,"displacementBias":0,"emissive":0,"emissiveIntensity":1,"envMapIntensity":1,"flatShading":false,"map":"b55accc7-6eb2-4638-b79a-0f6b12ccd441","metalness":0,"normalMap":"3ed741c4-1f8b-477f-9833-3a2055762391","normalMapType":0,"normalScale":[1,1],"roughness":1,"wireframe":false},{"id":"c15ff3da-c85e-47ce-8e2b-84b866c2edba","name":"Stone Perimeter Material","assetId":"a6a1aa81-50a6-4773-aaf5-446d418c9817","components":[],"opacity":1,"side":0,"transparent":false,"bumpScale":1,"color":1310688,"displacementScale":1,"displacementBias":0,"emissive":0,"emissiveIntensity":1,"envMapIntensity":1,"flatShading":false,"map":"95b977c2-99c7-4731-a103-c4dcc1f3e1a2","metalness":0,"normalMapType":0,"normalScale":[1,1],"roughness":1,"wireframe":false},{"id":"9903d4a7-fce0-419f-917a-5d17022df4f4","name":"Fog Material","assetId":"a6a1aa81-50a6-4773-aaf5-446d418c9817","components":[],"opacity":1,"side":2,"transparent":true,"alphaMap":"b2044c7e-5d80-4726-b42e-b91b5f6786c1","bumpScale":1,"color":12766155,"displacementMap":"b2044c7e-5d80-4726-b42e-b91b5f6786c1","displacementScale":1,"displacementBias":-0.5,"emissive":0,"emissiveIntensity":1,"envMapIntensity":1,"flatShading":false,"metalness":0,"normalMap":null,"normalMapType":0,"normalScale":[1,1],"roughness":1,"wireframe":false},{"id":"579010ad-cad9-436b-a6bc-afa111dc3166","name":"Bridge Material","assetId":"a6a1aa81-50a6-4773-aaf5-446d418c9817","components":[],"opacity":1,"side":0,"transparent":false,"bumpScale":1,"color":16448250,"displacementScale":1,"displacementBias":0,"emissive":0,"emissiveIntensity":1,"envMapIntensity":1,"flatShading":false,"map":"a3e1ec93-41be-4700-b975-ccffea8d6bb2","metalness":0,"normalMapType":0,"normalScale":[1,1],"roughness":1,"wireframe":false},{"id":"962e1d31-2961-4fab-ad01-1b052167891a","name":"Dirt Material","assetId":"a6a1aa81-50a6-4773-aaf5-446d418c9817","components":[],"opacity":1,"side":2,"transparent":false,"bumpScale":1,"color":3741185,"displacementMap":"be9e0b21-c0d8-4e76-ba86-e0d062ce465e","displacementScale":0.2,"displacementBias":-0.15,"emissive":0,"emissiveIntensity":1,"envMapIntensity":1,"flatShading":false,"map":"933a2cff-ecaa-4a6a-8ce9-78eca45ab2a8","metalness":0,"normalMap":null,"normalMapType":0,"normalScale":[1,1],"roughness":1,"roughnessMap":null,"wireframe":false}]},"models":{"9ba1893e-dc81-422c-abb2-0b7e53a2221f":[{"id":"6f5478af-3a78-4f00-b396-5e8906ed7e16","name":"Tree 1","assetId":"9ba1893e-dc81-422c-abb2-0b7e53a2221f","components":[],"position":[-2.31618,0,-5.27498],"rotation":[0,1.17575,0,"XYZ"],"scale":[1,1,1],"visualEdit":false},{"id":"6c7a478c-4f37-489a-b747-80770cc65b80","name":"Island 1 Flora","assetId":"9ba1893e-dc81-422c-abb2-0b7e53a2221f","components":[],"position":[0.89663,-0.34034,6.57278],"rotation":[0.16744,1.45817,-0.17419,"XYZ"],"scale":[1,0.11157,1],"visualEdit":false},{"id":"4103b2e7-4535-475a-9f5f-01ac506329e9","name":"Island 1 Flora","assetId":"9ba1893e-dc81-422c-abb2-0b7e53a2221f","components":[],"position":[-0.91887,-0.34034,7.42815],"rotation":[3.12157,0.36138,3.14087,"XYZ"],"scale":[1,0.11157,1],"visualEdit":false},{"id":"3be68333-573e-4587-945e-948bdc5da35a","name":"Island 1 Flora","assetId":"9ba1893e-dc81-422c-abb2-0b7e53a2221f","components":[],"position":[5.78376,-0.34034,5.85855],"rotation":[0.02217,-0.56439,0.00406,"XYZ"],"scale":[1,0.11157,1],"visualEdit":false},{"id":"19b7bbd0-1d09-43cd-9757-5a1aa96433e0","name":"Island 1 Flora","assetId":"9ba1893e-dc81-422c-abb2-0b7e53a2221f","components":[],"position":[-3.5041,-0.34034,5.33572],"rotation":[0.03422,0.99158,-0.03645,"XYZ"],"scale":[1,0.11157,1],"visualEdit":false},{"id":"9968c4ec-33c7-4325-a5c7-a394d9ed320b","name":"Fallen Tree","assetId":"9ba1893e-dc81-422c-abb2-0b7e53a2221f","components":[],"position":[3.49164,0.00001,-27.61294],"rotation":[0.05217,-0.03133,1.03053,"XYZ"],"scale":[1,1,1],"visualEdit":true},{"id":"024637f6-d34c-4593-83b9-73a8d1f2f66d","name":"Small Tree","assetId":"9ba1893e-dc81-422c-abb2-0b7e53a2221f","components":[],"position":[7.22669,-0.00001,-32.82806],"rotation":[-3.14159,-0.99488,-3.14159,"XYZ"],"scale":[0.33107,0.33107,0.33107],"visualEdit":true}],"9d2a7f81-ef79-429c-bc4e-a92b58c96da2":[{"id":"f9bb66f6-16f7-487a-ba57-04ad5c556e05","name":"Beee ,  bumblebee","assetId":"9d2a7f81-ef79-429c-bc4e-a92b58c96da2","components":["e32eb638-918b-4388-b665-be99e00f5ba5"],"position":[33.28343,1.71784,-30.18778],"rotation":[-2.8784,-0.31992,-2.84459,"XYZ"],"scale":[11.96406,11.96406,11.96406],"visualEdit":true}],"d825e2f0-1f75-4e93-894d-69fe0678f764":[{"id":"25bcc752-1b3a-4e68-8607-32a992372695","name":"Ghost","assetId":"d825e2f0-1f75-4e93-894d-69fe0678f764","components":["e32eb638-918b-4388-b665-be99e00f5ba5"],"position":[34.74324,1.4494,-28.69044],"rotation":[3.14159,-0.73133,3.14159,"XYZ"],"scale":[0.05011,0.05011,0.05011],"visualEdit":true}]},"shapes":{"0a0c7c21-d834-4a88-9234-0d9b5cf705f6":[{"id":"df0e504f-781b-4bee-948b-ec96d8b995a8","name":"Grass Circle 1","assetId":"0a0c7c21-d834-4a88-9234-0d9b5cf705f6","components":[],"position":[0,0,0],"rotation":[-1.5707963267948966,0,0,"XYZ"],"scale":[1,1,1],"visualEdit":false,"material":"4f1be93a-6552-4de9-9ea2-5cb1b9d9757d","radius":10,"segments":32,"thetaLength":360},{"id":"91c9153e-d028-43fe-a200-d4836ff2dd38","name":"Grass Circle 2","assetId":"0a0c7c21-d834-4a88-9234-0d9b5cf705f6","components":[],"position":[5,0,-30],"rotation":[-1.5708,0,0,"XYZ"],"scale":[1,1,1],"visualEdit":false,"material":"4f1be93a-6552-4de9-9ea2-5cb1b9d9757d","radius":10,"segments":32,"thetaLength":360},{"id":"0a7b2185-3656-4075-b5ff-d1a433f8f33d","name":"Grass Circle 3","assetId":"0a0c7c21-d834-4a88-9234-0d9b5cf705f6","components":[],"position":[35,0,-30],"rotation":[-1.5708,0,0,"XYZ"],"scale":[1,1,1],"visualEdit":false,"material":"4f1be93a-6552-4de9-9ea2-5cb1b9d9757d","radius":10,"segments":32,"thetaLength":360},{"id":"e21adf7d-593f-443c-9bde-3cd92fe26e98","name":"Grass Circle 4","assetId":"0a0c7c21-d834-4a88-9234-0d9b5cf705f6","components":[],"position":[15,5,-50],"rotation":[-1.5708,0,0,"XYZ"],"scale":[1,1,1],"visualEdit":false,"material":"4f1be93a-6552-4de9-9ea2-5cb1b9d9757d","radius":10,"segments":32,"thetaLength":360},{"id":"839bf312-db62-42f4-bd6b-4c5c33eadf0d","name":"Grass Circle 5","assetId":"0a0c7c21-d834-4a88-9234-0d9b5cf705f6","components":[],"position":[-30,-10,-100],"rotation":[-1.5708,0,0,"XYZ"],"scale":[1,1,1],"visualEdit":false,"material":"4f1be93a-6552-4de9-9ea2-5cb1b9d9757d","radius":10,"segments":32,"thetaLength":360}],"42779f01-e2cc-495a-a4b3-b286197fa762":[{"id":"3087f6bc-fff5-48e9-a541-48ca4745bab5","name":"Dirt 1","assetId":"42779f01-e2cc-495a-a4b3-b286197fa762","components":[],"position":[0,-1.5,0],"rotation":[3.141592653589793,0,0,"XYZ"],"scale":[1,1,1],"visualEdit":false,"material":"962e1d31-2961-4fab-ad01-1b052167891a","height":3,"radius":10,"radialSegments":100,"heightSegments":100,"thetaLength":360,"openEnded":true},{"id":"28004ea7-a6b0-46ee-a145-0b9abad8bb7a","name":"Dirt 2","assetId":"42779f01-e2cc-495a-a4b3-b286197fa762","components":[],"position":[5,-1.5,-30],"rotation":[3.14159,0,0,"XYZ"],"scale":[1,1,1],"visualEdit":false,"material":"962e1d31-2961-4fab-ad01-1b052167891a","height":3,"radius":10,"radialSegments":100,"heightSegments":100,"thetaLength":360,"openEnded":true},{"id":"49296f96-4e52-4ff2-88f4-97f719b0d4e4","name":"Dirt 3","assetId":"42779f01-e2cc-495a-a4b3-b286197fa762","components":[],"position":[35,-1.5,-30],"rotation":[3.14159,0,0,"XYZ"],"scale":[1,1,1],"visualEdit":false,"material":"962e1d31-2961-4fab-ad01-1b052167891a","height":3,"radius":10,"radialSegments":100,"heightSegments":100,"thetaLength":360,"openEnded":true},{"id":"e97797d1-1f18-4037-8e68-d2530f6f72db","name":"Dirt 4","assetId":"42779f01-e2cc-495a-a4b3-b286197fa762","components":[],"position":[15,3.5,-50],"rotation":[3.14159,0,0,"XYZ"],"scale":[1,1,1],"visualEdit":false,"material":"962e1d31-2961-4fab-ad01-1b052167891a","height":3,"radius":10,"radialSegments":100,"heightSegments":100,"thetaLength":360,"openEnded":true},{"id":"2d55f780-907b-4c1c-b106-c1332148649f","name":"Dirt 5","assetId":"42779f01-e2cc-495a-a4b3-b286197fa762","components":[],"position":[-30,-11.5,-100],"rotation":[3.14159,0,0,"XYZ"],"scale":[1,1,1],"visualEdit":false,"material":"962e1d31-2961-4fab-ad01-1b052167891a","height":3,"radius":10,"radialSegments":100,"heightSegments":100,"thetaLength":360,"openEnded":true}],"6b8bcbf1-49b0-42ce-9d60-9a7db6e425bf":[{"id":"2d9d7bc7-0d72-465f-bedd-9c38dc77209b","name":"Stone Ring 1","assetId":"6b8bcbf1-49b0-42ce-9d60-9a7db6e425bf","components":[],"position":[0,0,0],"rotation":[-1.5707963267948966,0,0,"XYZ"],"scale":[1,1,1],"visualEdit":false,"material":"c15ff3da-c85e-47ce-8e2b-84b866c2edba","radius":9.9,"tube":0.2,"radialSegments":16,"tubularSegments":32,"arc":360},{"id":"418cf186-d77b-46f5-ba5c-95797f44b8c3","name":"Stone Ring 5","assetId":"6b8bcbf1-49b0-42ce-9d60-9a7db6e425bf","components":[],"position":[-30,-10,-100],"rotation":[-1.5708,0,0,"XYZ"],"scale":[1,1,1],"visualEdit":false,"material":"c15ff3da-c85e-47ce-8e2b-84b866c2edba","radius":9.9,"tube":0.2,"radialSegments":16,"tubularSegments":32,"arc":360},{"id":"8cabdcd0-daf9-4077-bae3-4f71ef160e32","name":"Stone Ring 2","assetId":"6b8bcbf1-49b0-42ce-9d60-9a7db6e425bf","components":[],"position":[5,0,-30],"rotation":[-1.5708,0,0,"XYZ"],"scale":[1,1,1],"visualEdit":false,"material":"c15ff3da-c85e-47ce-8e2b-84b866c2edba","radius":9.9,"tube":0.2,"radialSegments":16,"tubularSegments":32,"arc":360},{"id":"4cd45194-3353-4f07-a48c-3e154602c9f3","name":"Stone Ring 3","assetId":"6b8bcbf1-49b0-42ce-9d60-9a7db6e425bf","components":[],"position":[35,0,-30],"rotation":[-1.5708,0,0,"XYZ"],"scale":[1,1,1],"visualEdit":false,"material":"c15ff3da-c85e-47ce-8e2b-84b866c2edba","radius":9.9,"tube":0.2,"radialSegments":16,"tubularSegments":32,"arc":360},{"id":"76f60009-8800-442c-9a2e-b90b3ee95cb0","name":"Stone Ring 4","assetId":"6b8bcbf1-49b0-42ce-9d60-9a7db6e425bf","components":[],"position":[15,5,-50],"rotation":[-1.5708,0,0,"XYZ"],"scale":[1,1,1],"visualEdit":false,"material":"c15ff3da-c85e-47ce-8e2b-84b866c2edba","radius":9.9,"tube":0.2,"radialSegments":16,"tubularSegments":32,"arc":360}],"936bd538-9cb8-44f5-b21f-6b4a7eccfff4":[{"id":"5a75debd-bb76-4d3c-8a14-ac9f7b20572b","name":"Fog","assetId":"936bd538-9cb8-44f5-b21f-6b4a7eccfff4","components":[],"position":[0,-9.9,0],"rotation":[-1.5707963267948966,0,0,"XYZ"],"scale":[1,1,1],"visualEdit":false,"material":"9903d4a7-fce0-419f-917a-5d17022df4f4","width":1000,"height":1000,"widthSegments":100,"heightSegments":100}],"a6ffffc9-2cd0-4fb7-a7b1-7f334930af51":[{"id":"286f0f93-d19e-42f8-bb0f-25c456648496","name":"Bridge","assetId":"a6ffffc9-2cd0-4fb7-a7b1-7f334930af51","components":[],"position":[-3.78245,0,-15.00449],"rotation":[0,-0.11835,0,"XYZ"],"scale":[1,1,1],"visualEdit":true,"material":"579010ad-cad9-436b-a6bc-afa111dc3166","width":2,"height":0.3,"depth":10.75,"widthSegments":1,"heightSegments":1,"depthSegments":1}]},"systems":{"6329e98a-4311-4457-9198-48d75640f8cc":[{"id":"347e6da7-123b-4eb9-b688-0379c702eb27","name":"Grabbable System","assetId":"6329e98a-4311-4457-9198-48d75640f8cc","components":[]}],"2c7f5320-0371-4d99-b546-2eb18a343d3f":[{"id":"a862c5b0-ec50-47e9-88b2-ce034bc37f60","name":"Texture Scroller","assetId":"2c7f5320-0371-4d99-b546-2eb18a343d3f","components":[]}]},"textures":{"95f63d4b-06d1-4211-912b-556b6ce7bf5f":[{"id":"b55accc7-6eb2-4638-b79a-0f6b12ccd441","name":"Grass Texture","assetId":"95f63d4b-06d1-4211-912b-556b6ce7bf5f","components":[],"colorSpace":"srgb","image":"290d6218-69cf-49ee-a993-5ee6c57b526e","wrapS":1000,"wrapT":1000,"repeat":[5,5],"offset":[0,0]},{"id":"3ed741c4-1f8b-477f-9833-3a2055762391","name":"Grass Normal","assetId":"95f63d4b-06d1-4211-912b-556b6ce7bf5f","components":[],"colorSpace":"","image":"61ae6af8-bbdb-4419-b8cc-06d7e986ba49","wrapS":1000,"wrapT":1000,"repeat":[5,5],"offset":[0,0]},{"id":"933a2cff-ecaa-4a6a-8ce9-78eca45ab2a8","name":"Dirt","assetId":"95f63d4b-06d1-4211-912b-556b6ce7bf5f","components":[],"colorSpace":"srgb","image":"b180f418-89e4-4458-9c9c-c8ecc3af9e59","wrapS":1000,"wrapT":1000,"repeat":[5,2],"offset":[0,0]},{"id":"be9e0b21-c0d8-4e76-ba86-e0d062ce465e","name":"Dirt Displacement","assetId":"95f63d4b-06d1-4211-912b-556b6ce7bf5f","components":[],"colorSpace":"","image":"d14869b3-bdea-4a98-81d0-9f8eaf6c291f","wrapS":1000,"wrapT":1000,"repeat":[5,2],"offset":[0,0]},{"id":"00b2306b-d327-4566-b39d-5ead44490c7e","name":"Dirt Normal Map","assetId":"95f63d4b-06d1-4211-912b-556b6ce7bf5f","components":[],"colorSpace":"","image":"7a4ca39b-094d-4f39-af82-495c637c0b0e","wrapS":1000,"wrapT":1000,"repeat":[5,2],"offset":[0,0]},{"id":"95b977c2-99c7-4731-a103-c4dcc1f3e1a2","name":"Stone Perimeter Texture","assetId":"95f63d4b-06d1-4211-912b-556b6ce7bf5f","components":[],"colorSpace":"srgb","image":"62b14756-d05f-4d40-b423-486d53be4fd8","wrapS":1000,"wrapT":1000,"repeat":[80,2],"offset":[0,0]},{"id":"b2044c7e-5d80-4726-b42e-b91b5f6786c1","name":"Fog Texture","assetId":"95f63d4b-06d1-4211-912b-556b6ce7bf5f","components":["dd21a79d-82e8-4a65-b751-1efad2ab7eb7"],"colorSpace":"","image":"4603ad73-5435-4640-893c-3d0209feb7d2","wrapS":1000,"wrapT":1000,"repeat":[5,5],"offset":[0,0]},{"id":"a3e1ec93-41be-4700-b975-ccffea8d6bb2","name":"Bridge Texture","assetId":"95f63d4b-06d1-4211-912b-556b6ce7bf5f","components":[],"colorSpace":"srgb","image":"62b14756-d05f-4d40-b423-486d53be4fd8","wrapS":1000,"wrapT":1000,"repeat":[2,10],"offset":[0,0]}]},"library":{"d9891de1-914d-4448-9e66-8867211b5dc8":{"Name":"Grabbable","Type":"COMPONENT","Filepath":"assets/d9891de1-914d-4448-9e66-8867211b5dc8/Grabbable"},"a9d2e22f-ddf6-49fe-a420-5fffd5ee69a3":{"Name":"Texture Scroll","Type":"COMPONENT","Filepath":"assets/a9d2e22f-ddf6-49fe-a420-5fffd5ee69a3/Texture Scroll"},"1b67a2a6-0049-4074-8b37-0c65010909ad":{"Name":"Device Specific Text","Type":"CUSTOM_ASSET","Filepath":"assets/1b67a2a6-0049-4074-8b37-0c65010909ad/Device Specific Text"},"270aff2d-3706-4b36-bc36-c13c974d819f":{"Name":"Text","Type":"CUSTOM_ASSET","Filepath":"assets/270aff2d-3706-4b36-bc36-c13c974d819f/Text"},"9ba1893e-dc81-422c-abb2-0b7e53a2221f":{"Name":"tree.glb","Type":"MODEL","Filepath":"assets/9ba1893e-dc81-422c-abb2-0b7e53a2221f/tree.glb"},"9d2a7f81-ef79-429c-bc4e-a92b58c96da2":{"Name":"Beee ,  bumblebee","Type":"MODEL","Sketchfab ID":"816b3d1876434439bb02b6046d51ca32","Filepath":"assets/9d2a7f81-ef79-429c-bc4e-a92b58c96da2/Beee ,  bumblebee"},"d825e2f0-1f75-4e93-894d-69fe0678f764":{"Name":"Ghost","Type":"MODEL","Sketchfab ID":"21e290707bd449dc82f987cc622ecaa5","Filepath":"assets/d825e2f0-1f75-4e93-894d-69fe0678f764/Ghost"},"6329e98a-4311-4457-9198-48d75640f8cc":{"Name":"Grabbable System","Type":"SYSTEM","Filepath":"assets/6329e98a-4311-4457-9198-48d75640f8cc/Grabbable System"},"2c7f5320-0371-4d99-b546-2eb18a343d3f":{"Name":"Texture Scroller","Type":"SYSTEM","Filepath":"assets/2c7f5320-0371-4d99-b546-2eb18a343d3f/Texture Scroller"},"290d6218-69cf-49ee-a993-5ee6c57b526e":{"Name":"grass.jpg","Type":"IMAGE","Filepath":"assets/290d6218-69cf-49ee-a993-5ee6c57b526e/grass.jpg"},"61ae6af8-bbdb-4419-b8cc-06d7e986ba49":{"Name":"grass normal map.jpg","Type":"IMAGE","Filepath":"assets/61ae6af8-bbdb-4419-b8cc-06d7e986ba49/grass normal map.jpg"},"b180f418-89e4-4458-9c9c-c8ecc3af9e59":{"Name":"dirt.jpg","Type":"IMAGE","Filepath":"assets/b180f418-89e4-4458-9c9c-c8ecc3af9e59/dirt.jpg"},"d14869b3-bdea-4a98-81d0-9f8eaf6c291f":{"Name":"dirt displacement map.jpg","Type":"IMAGE","Filepath":"assets/d14869b3-bdea-4a98-81d0-9f8eaf6c291f/dirt displacement map.jpg"},"7a4ca39b-094d-4f39-af82-495c637c0b0e":{"Name":"dirt normal map.jpg","Type":"IMAGE","Filepath":"assets/7a4ca39b-094d-4f39-af82-495c637c0b0e/dirt normal map.jpg"},"62b14756-d05f-4d40-b423-486d53be4fd8":{"Name":"Stone_Floor.jpg","Type":"IMAGE","Filepath":"assets/62b14756-d05f-4d40-b423-486d53be4fd8/Stone_Floor.jpg"},"4603ad73-5435-4640-893c-3d0209feb7d2":{"Name":"Water Ripples Bump Map.jpg","Type":"IMAGE","Filepath":"assets/4603ad73-5435-4640-893c-3d0209feb7d2/Water Ripples Bump Map.jpg"},"630312ea-e637-4559-ae10-8ec1ccb13ae7":{"Name":"skybox front.jpg","Type":"IMAGE","Filepath":"assets/630312ea-e637-4559-ae10-8ec1ccb13ae7/skybox front.jpg"},"c75f14a2-4b1c-42ea-8583-3341f191293b":{"Name":"skybox back.jpg","Type":"IMAGE","Filepath":"assets/c75f14a2-4b1c-42ea-8583-3341f191293b/skybox back.jpg"},"16271986-ac59-4494-b58c-b0ed5e2840ab":{"Name":"skybox left.jpg","Type":"IMAGE","Filepath":"assets/16271986-ac59-4494-b58c-b0ed5e2840ab/skybox left.jpg"},"b6a075e6-33e8-4647-8f1b-7e7adaeed60b":{"Name":"skybox right.jpg","Type":"IMAGE","Filepath":"assets/b6a075e6-33e8-4647-8f1b-7e7adaeed60b/skybox right.jpg"},"41207b48-296c-4a80-b9ba-7d2d8b9eb861":{"Name":"skybox up.jpg","Type":"IMAGE","Filepath":"assets/41207b48-296c-4a80-b9ba-7d2d8b9eb861/skybox up.jpg"},"5ff5133d-1acb-4325-aea8-7279864f96f3":{"Name":"skybox down.jpg","Type":"IMAGE","Filepath":"assets/5ff5133d-1acb-4325-aea8-7279864f96f3/skybox down.jpg"}}}