{"settings":{"Skybox":{"FRONT":"d1647275-7066-4249-a503-4d71eb1e9462","BACK":"0b46b842-5b53-4261-9e62-4b6de70cfab2","LEFT":"efb75df7-4461-461c-ac41-5de2d55337cf","RIGHT":"af02ea6f-3c5e-43a7-9fc2-45ad8a47f8f8","TOP":"00d886eb-cfd3-40b6-a2f4-2ed6b94d0b11","BOTTOM":"1942eb60-2bb4-48e7-b8e6-a561f1074d63"},"User Settings":{"Movement Speed":3,"Enable Flying":true,"User Scale":1,"Swap Joysticks":false},"Acknowledgements":[]},"version":"0.1.3","components":{"2271b355-d75c-4e58-818f-0a0d5f6e1413":[{"id":"262c59cd-3cda-487c-aaa9-ef6c98927cd2","name":"Mega Buster Component","assetId":"2271b355-d75c-4e58-818f-0a0d5f6e1413","components":[]}],"6e93b955-8f30-4ca8-85db-7fe24e055975":[{"id":"d43bd735-864d-4675-8442-73bfe4a843a9","name":"Normal Shot Component","assetId":"6e93b955-8f30-4ca8-85db-7fe24e055975","components":[],"type":"NORMAL"},{"id":"45481f50-81d5-4e5b-9fcb-ca5526dd54fc","name":"Half Charged Component","assetId":"6e93b955-8f30-4ca8-85db-7fe24e055975","components":[],"type":"HALF_CHARGED"},{"id":"e7d6fb6b-a8dc-4ae4-822e-71a9791cfde7","name":"Fully Charged Component","assetId":"6e93b955-8f30-4ca8-85db-7fe24e055975","components":[],"type":"FULLY_CHARGED"},{"id":"38d0157d-710f-4ad1-8632-048ebd412b3f","name":"Fire Audio Component","assetId":"6e93b955-8f30-4ca8-85db-7fe24e055975","components":[],"type":"FIRE_AUDIO"},{"id":"9372fd0d-cfd0-4495-ad9d-c66c63aaffe6","name":"Charge Audio Component","assetId":"6e93b955-8f30-4ca8-85db-7fe24e055975","components":[],"type":"CHARGE_AUDIO"}]},"custom_assets":{"ab6eadec-5012-41d0-ae48-830cf3a0b3b5":[{"id":"4c2468a7-a569-4bdb-9d79-9ad98099e607","name":"Grid Cube","assetId":"ab6eadec-5012-41d0-ae48-830cf3a0b3b5","components":[],"position":[0,5,0],"rotation":[0,0,0,"XYZ"],"scale":[1,1,1],"visualEdit":true,"color":16666972,"depth":20,"height":10,"width":20,"depthSegments":20,"heightSegments":10,"widthSegments":20}]},"audios":{"0c837409-7d3b-4d6e-8f9d-bf4a1bf109e6":[{"id":"5ff96bc3-640e-4519-9548-7450ec3bd7b2","name":"Megaman_Blaster_Fire.mp3","assetId":"0c837409-7d3b-4d6e-8f9d-bf4a1bf109e6","components":["38d0157d-710f-4ad1-8632-048ebd412b3f"],"position":[0,0,0],"rotation":[0,0,0,"XYZ"],"scale":[1,1,1],"visualEdit":false,"autoplay":false,"coneInnerAngle":360,"coneOuterAngle":0,"coneOuterGain":0,"distanceModel":"inverse","loop":false,"maxDistance":100,"pauseTopic":"","playTopic":"","refDistance":1,"rolloffFactor":1,"stopTopic":"","volume":1}]},"images":{},"lights":{"7605bff2-8ca3-4a47-b6f7-311d745507de":[{"id":"5e4969e4-a327-42c0-a1ba-a592a6d6229d","name":"Ambient Light","assetId":"7605bff2-8ca3-4a47-b6f7-311d745507de","components":[],"position":[0,0,0],"rotation":[0,0,0,"XYZ"],"scale":[1,1,1],"visualEdit":false,"color":16777215,"intensity":1}],"944a6b29-05d2-47d9-9b33-60e7a3e18b7d":[{"id":"c375ea65-8144-4a33-bdcc-f40c61aff7c1","name":"Basic Light","assetId":"944a6b29-05d2-47d9-9b33-60e7a3e18b7d","components":[],"position":[-9.54986,18.72065,-2.49059],"rotation":[0,1.51199,0,"XYZ"],"scale":[1,1,1],"visualEdit":true,"color":16777215,"intensity":1000,"distance":0,"decay":2}]},"materials":{"a6a1aa81-50a6-4773-aaf5-446d418c9817":[{"id":"93ff512c-1470-438d-9aee-55c3b0731f5a","name":"Display Column Material","assetId":"a6a1aa81-50a6-4773-aaf5-446d418c9817","components":[],"opacity":1,"side":0,"transparent":false,"bumpScale":1,"color":16711679,"displacementScale":1,"displacementBias":0,"emissive":0,"emissiveIntensity":1,"envMapIntensity":1,"flatShading":false,"metalness":0,"normalMapType":0,"normalScale":[1,1],"roughness":1,"wireframe":false},{"id":"a3e5cea8-f5c7-4592-bac6-dfd7a56e4e5d","name":"Normal Shot Material","assetId":"a6a1aa81-50a6-4773-aaf5-446d418c9817","components":[],"opacity":1,"side":0,"transparent":false,"bumpScale":1,"color":16182528,"displacementScale":1,"displacementBias":0,"emissive":0,"emissiveIntensity":1,"envMapIntensity":1,"flatShading":false,"metalness":0,"normalMapType":0,"normalScale":[1,1],"roughness":1,"wireframe":false},{"id":"121a4592-7e88-44a3-b42d-5090c0eb213c","name":"Half Charged Material","assetId":"a6a1aa81-50a6-4773-aaf5-446d418c9817","components":[],"opacity":1,"side":0,"transparent":false,"bumpScale":1,"color":1495779,"displacementScale":1,"displacementBias":0,"emissive":0,"emissiveIntensity":1,"envMapIntensity":1,"flatShading":false,"metalness":0,"normalMapType":0,"normalScale":[1,1],"roughness":1,"wireframe":false},{"id":"ee5f1076-75df-4a37-932a-aa6c5fdf840e","name":"Fully Charged Material","assetId":"a6a1aa81-50a6-4773-aaf5-446d418c9817","components":[],"opacity":1,"side":0,"transparent":false,"bumpScale":1,"color":27094,"displacementScale":1,"displacementBias":0,"emissive":0,"emissiveIntensity":1,"envMapIntensity":1,"flatShading":false,"metalness":0,"normalMapType":0,"normalScale":[1,1],"roughness":1,"wireframe":false}]},"models":{"fdb16866-1d93-45a6-8c24-da85b3be8abf":[{"id":"5ac352ad-d734-4528-bd67-0bae4f83485d","name":"blaster.glb","assetId":"fdb16866-1d93-45a6-8c24-da85b3be8abf","components":["262c59cd-3cda-487c-aaa9-ef6c98927cd2"],"position":[0.02,1.59956,-2],"rotation":[0,1.5708,0,"XYZ"],"scale":[1,1,1],"visualEdit":false}]},"shapes":{"f4efc996-0d50-48fe-9313-3c7b1a5c1754":[{"id":"a9238f7a-3817-4281-a8c3-bdfa7811eced","name":"Cylinder","assetId":"f4efc996-0d50-48fe-9313-3c7b1a5c1754","components":[],"position":[0,0.725,-2],"rotation":[0,-0.0027116780841978322,0,"XYZ"],"scale":[1,1,1],"visualEdit":false,"material":"93ff512c-1470-438d-9aee-55c3b0731f5a","height":1.45,"radiusTop":0.2,"radiusBottom":0.2,"radialSegments":32,"heightSegments":1,"thetaLength":360,"openEnded":false}],"423c9506-52f4-4725-b848-69913cce2b00":[{"id":"ed6c34e9-ecf1-4796-9861-2e1e1399af7f","name":"Normal Shot","assetId":"423c9506-52f4-4725-b848-69913cce2b00","components":["d43bd735-864d-4675-8442-73bfe4a843a9"],"position":[-0.22778,1.6,-2],"rotation":[0,0,0,"XYZ"],"scale":[1,1,1],"visualEdit":false,"material":"a3e5cea8-f5c7-4592-bac6-dfd7a56e4e5d","radius":0.04,"widthSegments":32,"heightSegments":16,"phiLength":360,"thetaLength":180},{"id":"e1ba3288-9c6d-4da3-8239-014520b8824a","name":"Half Charged Shot","assetId":"423c9506-52f4-4725-b848-69913cce2b00","components":["45481f50-81d5-4e5b-9fcb-ca5526dd54fc"],"position":[-0.35781473039162204,1.6,-2],"rotation":[0,1.5707963267948966,0,"XYZ"],"scale":[1,1,2],"visualEdit":false,"material":"121a4592-7e88-44a3-b42d-5090c0eb213c","radius":0.04,"widthSegments":32,"heightSegments":16,"phiLength":360,"thetaLength":180},{"id":"633e06bf-964b-4f8a-b9ab-db46be9a89b9","name":"Fully Charged Shot","assetId":"423c9506-52f4-4725-b848-69913cce2b00","components":["e7d6fb6b-a8dc-4ae4-822e-71a9791cfde7"],"position":[-0.54739,1.6,-2],"rotation":[0,1.5707963267948966,0,"XYZ"],"scale":[2,2,2.5],"visualEdit":false,"material":"ee5f1076-75df-4a37-932a-aa6c5fdf840e","radius":0.04,"widthSegments":32,"heightSegments":16,"phiLength":360,"thetaLength":180}]},"systems":{},"textures":{},"library":{"2271b355-d75c-4e58-818f-0a0d5f6e1413":{"Name":"Mega Buster Component","Type":"COMPONENT","Filepath":"assets/2271b355-d75c-4e58-818f-0a0d5f6e1413/Mega Buster Component"},"6e93b955-8f30-4ca8-85db-7fe24e055975":{"Name":"Mega Buster Shot Component","Type":"COMPONENT","Filepath":"assets/6e93b955-8f30-4ca8-85db-7fe24e055975/Mega Buster Shot Component"},"ab6eadec-5012-41d0-ae48-830cf3a0b3b5":{"Name":"Grid Cube","Type":"CUSTOM_ASSET","Filepath":"assets/ab6eadec-5012-41d0-ae48-830cf3a0b3b5/Grid Cube"},"0c837409-7d3b-4d6e-8f9d-bf4a1bf109e6":{"Name":"Megaman_Blaster_Fire.mp3","Type":"AUDIO","Filepath":"assets/0c837409-7d3b-4d6e-8f9d-bf4a1bf109e6/Megaman_Blaster_Fire.mp3"},"fdb16866-1d93-45a6-8c24-da85b3be8abf":{"Name":"blaster.glb","Type":"MODEL","Filepath":"assets/fdb16866-1d93-45a6-8c24-da85b3be8abf/blaster.glb"},"d1647275-7066-4249-a503-4d71eb1e9462":{"Name":"space skybox front.jpg","Type":"IMAGE","Filepath":"assets/d1647275-7066-4249-a503-4d71eb1e9462/space skybox front.jpg"},"0b46b842-5b53-4261-9e62-4b6de70cfab2":{"Name":"space skybox back.jpg","Type":"IMAGE","Filepath":"assets/0b46b842-5b53-4261-9e62-4b6de70cfab2/space skybox back.jpg"},"efb75df7-4461-461c-ac41-5de2d55337cf":{"Name":"space skybox left.jpg","Type":"IMAGE","Filepath":"assets/efb75df7-4461-461c-ac41-5de2d55337cf/space skybox left.jpg"},"af02ea6f-3c5e-43a7-9fc2-45ad8a47f8f8":{"Name":"space skybox right.jpg","Type":"IMAGE","Filepath":"assets/af02ea6f-3c5e-43a7-9fc2-45ad8a47f8f8/space skybox right.jpg"},"00d886eb-cfd3-40b6-a2f4-2ed6b94d0b11":{"Name":"space skybox up.jpg","Type":"IMAGE","Filepath":"assets/00d886eb-cfd3-40b6-a2f4-2ed6b94d0b11/space skybox up.jpg"},"1942eb60-2bb4-48e7-b8e6-a561f1074d63":{"Name":"space skybox down.jpg","Type":"IMAGE","Filepath":"assets/1942eb60-2bb4-48e7-b8e6-a561f1074d63/space skybox down.jpg"}}}