{"library":{"0a0c7c21-d834-4a88-9234-0d9b5cf705f6":{"Name":"Circle","Type":"SHAPE"},"42779f01-e2cc-495a-a4b3-b286197fa762":{"Name":"Cone","Type":"SHAPE"},"944a6b29-05d2-47d9-9b33-60e7a3e18b7d":{"Name":"Basic Light","Type":"LIGHT"},"534f29c3-1e85-4510-bb84-459011de6722":{"Name":"Ring","Type":"SHAPE"},"65fd4a54-4ef3-4d40-9b28-e40ef97b3d7a":{"Name":"birch_tree_resized.glb","Type":"MODEL","Filepath":"assets/65fd4a54-4ef3-4d40-9b28-e40ef97b3d7a/birch_tree_resized.glb"},"7605bff2-8ca3-4a47-b6f7-311d745507de":{"Name":"Ambient Light","Type":"LIGHT"},"936bd538-9cb8-44f5-b21f-6b4a7eccfff4":{"Name":"Plane","Type":"SHAPE"},"a6ffffc9-2cd0-4fb7-a7b1-7f334930af51":{"Name":"Box","Type":"SHAPE"},"3c0410c8-99ab-46a2-82a6-c0e25d4f15e5":{"Name":"front.jpg","Type":"IMAGE","Filepath":"assets/3c0410c8-99ab-46a2-82a6-c0e25d4f15e5/front.jpg"},"7d2f94aa-2924-45c2-ace3-a1fb5a9bcb8c":{"Name":"back.jpg","Type":"IMAGE","Filepath":"assets/7d2f94aa-2924-45c2-ace3-a1fb5a9bcb8c/back.jpg"},"c056c018-8ddd-4fe2-9a23-789540803092":{"Name":"left.jpg","Type":"IMAGE","Filepath":"assets/c056c018-8ddd-4fe2-9a23-789540803092/left.jpg"},"c500ae0d-3344-4cef-9c01-d7b2de2a59b8":{"Name":"right.jpg","Type":"IMAGE","Filepath":"assets/c500ae0d-3344-4cef-9c01-d7b2de2a59b8/right.jpg"},"4049650b-c99d-4869-9ea3-18c27c0d8ab2":{"Name":"top.jpg","Type":"IMAGE","Filepath":"assets/4049650b-c99d-4869-9ea3-18c27c0d8ab2/top.jpg"},"8c1ce6b1-bd5c-4806-a1a1-bf841fe3fecc":{"Name":"bottom.jpg","Type":"IMAGE","Filepath":"assets/8c1ce6b1-bd5c-4806-a1a1-bf841fe3fecc/bottom.jpg"},"c0e9a121-040f-4c5e-ad24-c4c1c08c8fdf":{"Name":"tilable-img_0044-dark.jpg","Type":"IMAGE","Filepath":"assets/c0e9a121-040f-4c5e-ad24-c4c1c08c8fdf/tilable-img_0044-dark.jpg"},"23245448-0e7a-427f-8151-160b6f8debfc":{"Name":"tex_Water.jpg","Type":"IMAGE","Filepath":"assets/23245448-0e7a-427f-8151-160b6f8debfc/tex_Water.jpg"}},"assets":{"0a0c7c21-d834-4a88-9234-0d9b5cf705f6":[{"id":"f4946f81-82cd-4f21-9ce4-c77afcd20145","name":"Grass","assetId":"0a0c7c21-d834-4a88-9234-0d9b5cf705f6","position":[0,0,0],"rotation":[-1.5708,0,0,"XYZ"],"scale":[1,1,1],"visualEdit":false,"material":"bc805899-c50a-4bf8-8d48-6bf3f1250c76","radius":10,"segments":32,"thetaLength":360},{"id":"f12c0b8d-8d48-41ca-bd78-d11c16bb78d6","name":"Pool","assetId":"0a0c7c21-d834-4a88-9234-0d9b5cf705f6","position":[2.75,0.003,5.65],"rotation":[-1.5707,0,0,"XYZ"],"scale":[23.4,23.4,23.4],"visualEdit":true,"material":"fee3246e-fad4-4ee1-8d5d-7d49888f2d49","radius":0.1,"segments":32,"thetaLength":360}],"42779f01-e2cc-495a-a4b3-b286197fa762":[{"id":"3201529b-1841-403b-a743-6d0156279869","name":"Dirt","assetId":"42779f01-e2cc-495a-a4b3-b286197fa762","position":[0,-4,0],"rotation":[3.14159,0,0,"XYZ"],"scale":[1,1,1],"visualEdit":false,"material":"b6c1a2ac-763d-4275-b771-8eb868bd6718","height":8,"radius":10,"radialSegments":32,"heightSegments":1,"thetaLength":360,"openEnded":true}],"944a6b29-05d2-47d9-9b33-60e7a3e18b7d":[{"id":"bd4d23cd-c24b-4b88-83ef-7338c9d29da5","name":"Underside Light","assetId":"944a6b29-05d2-47d9-9b33-60e7a3e18b7d","position":[-10.6954,-3.04345,10.52098],"rotation":[0,0,0,"XYZ"],"scale":[1,1,1],"visualEdit":false,"color":16777215,"intensity":1,"distance":23,"decay":1},{"id":"8fada8f4-6b5f-4d34-82c8-4eb8a46e3cee","name":"Sky Light","assetId":"944a6b29-05d2-47d9-9b33-60e7a3e18b7d","position":[0.70146,28.4298,23.68478],"rotation":[0,0,0,"XYZ"],"scale":[4.5663,4.5663,4.5663],"visualEdit":true,"color":16777215,"intensity":0.4,"distance":0,"decay":1}],"534f29c3-1e85-4510-bb84-459011de6722":[{"id":"e2926652-792f-4176-a755-2f6c299ace44","name":"Object","assetId":"534f29c3-1e85-4510-bb84-459011de6722","position":[2.75,0.001,5.65],"rotation":[-1.5707,0,0,"XYZ"],"scale":[24.5,24.5,24.5],"visualEdit":true,"material":"f4685122-4980-467d-bea0-50696cf84687","innerRadius":0.095,"outerRadius":0.1,"thetaSegments":32,"phiSegments":1,"thetaLength":360}],"65fd4a54-4ef3-4d40-9b28-e40ef97b3d7a":[{"id":"5d8c4e5f-f083-4f12-9783-b71016916c74","name":"Object","assetId":"65fd4a54-4ef3-4d40-9b28-e40ef97b3d7a","position":[-1.15864,0,6.34685],"rotation":[2.86209,1.36638,-2.85645,"XYZ"],"scale":[1,1,1],"visualEdit":true},{"id":"5be78858-0c4f-446a-a7a0-b61dc333147e","name":"Object","assetId":"65fd4a54-4ef3-4d40-9b28-e40ef97b3d7a","position":[-6.57282,0,-0.04589],"rotation":[-3.14159,-1.34977,-3.14159,"XYZ"],"scale":[1,1,1],"visualEdit":true},{"id":"81ca2e8f-72ea-4a08-a33e-0b48f1b06748","name":"Object","assetId":"65fd4a54-4ef3-4d40-9b28-e40ef97b3d7a","position":[6.52903,0,3.01701],"rotation":[0,0,0,"XYZ"],"scale":[1,1,1],"visualEdit":true},{"id":"4cab5abc-0d01-468c-97c7-e3f127471587","name":"Object","assetId":"65fd4a54-4ef3-4d40-9b28-e40ef97b3d7a","position":[8.07071,0,-0.9616],"rotation":[0,1.43226,0,"XYZ"],"scale":[0.78187,0.78187,0.78187],"visualEdit":true},{"id":"526c96f7-49c8-4ae8-ae9a-302aed14fad8","name":"Object","assetId":"65fd4a54-4ef3-4d40-9b28-e40ef97b3d7a","position":[4.71929,0,-6.60309],"rotation":[0,0,0,"XYZ"],"scale":[1.2426,1.2426,1.2426],"visualEdit":true},{"id":"79b8f3ee-99b7-493c-9f54-738e2b37000f","name":"Object","assetId":"65fd4a54-4ef3-4d40-9b28-e40ef97b3d7a","position":[-2.98144,0,-6.89164],"rotation":[0,0,0,"XYZ"],"scale":[0.67181,0.67181,0.67181],"visualEdit":true}],"7605bff2-8ca3-4a47-b6f7-311d745507de":[{"id":"0dc1a18e-1f10-48b0-a224-101bb242f0e6","name":"Object","assetId":"7605bff2-8ca3-4a47-b6f7-311d745507de","position":[0.01273,6.52216,1.01659],"rotation":[0,0,0,"XYZ"],"scale":[1,1,1],"visualEdit":false,"color":16777215,"intensity":0.6}],"936bd538-9cb8-44f5-b21f-6b4a7eccfff4":[{"id":"0e90e6c4-63c5-4a82-bc17-c91e7c10c73a","name":"Waterfall","assetId":"936bd538-9cb8-44f5-b21f-6b4a7eccfff4","position":[4.64117,-149.997,8.8024],"rotation":[0,0.49218,0,"XYZ"],"scale":[9.21087,3000,9.21087],"visualEdit":true,"material":"fee3246e-fad4-4ee1-8d5d-7d49888f2d49","width":0.1,"height":0.1,"widthSegments":1,"heightSegments":1},{"id":"131a6061-771f-447c-9497-06711d5c496d","name":"River","assetId":"936bd538-9cb8-44f5-b21f-6b4a7eccfff4","position":[4.2832,0.002,8.12346],"rotation":[-1.5708,0,-2.65102,"XYZ"],"scale":[9.21087,15.36781,9.21087],"visualEdit":true,"material":"fee3246e-fad4-4ee1-8d5d-7d49888f2d49","width":0.1,"height":0.1,"widthSegments":1,"heightSegments":1}],"a6ffffc9-2cd0-4fb7-a7b1-7f334930af51":[{"id":"fae40042-eb7a-493b-9f81-08c41d1a0439","name":"Art Display Panel 1","assetId":"a6ffffc9-2cd0-4fb7-a7b1-7f334930af51","position":[0,1.35,-4.8],"rotation":[0,0,0,"XYZ"],"scale":[37.7,27,1.5],"visualEdit":false,"material":"890222d1-5919-4889-b497-61d55e912d7c","width":0.1,"height":0.1,"depth":0.1,"widthSegments":1,"heightSegments":1,"depthSegments":1}]},"settings":{"Skybox":{"FRONT":"3c0410c8-99ab-46a2-82a6-c0e25d4f15e5","BACK":"7d2f94aa-2924-45c2-ace3-a1fb5a9bcb8c","LEFT":"c056c018-8ddd-4fe2-9a23-789540803092","RIGHT":"c500ae0d-3344-4cef-9c01-d7b2de2a59b8","TOP":"4049650b-c99d-4869-9ea3-18c27c0d8ab2","BOTTOM":"8c1ce6b1-bd5c-4806-a1a1-bf841fe3fecc"},"User Settings":{"Movement Speed":3,"Enable Flying":true}},"materials":{"PHONG":[{"id":"bc805899-c50a-4bf8-8d48-6bf3f1250c76","name":"Grass","transparent":false,"opacity":1,"display":0,"color":10607040,"wireframe":false,"flatShading":false,"map":"135773a0-a1f7-445e-9fe7-96d1bb1770e8","bumpMap":null,"bumpScale":1,"displacementMap":null,"displacementScale":1,"displacementBias":0,"emissive":0,"emissiveMap":null,"emissiveIntensity":1,"combine":0,"reflectivity":1,"refractionRatio":0.98,"normalMapType":0,"shininess":30,"specular":1118481},{"id":"b6c1a2ac-763d-4275-b771-8eb868bd6718","name":"Dirt","transparent":false,"opacity":1,"display":0,"color":5054224,"wireframe":false,"flatShading":false,"map":"135773a0-a1f7-445e-9fe7-96d1bb1770e8","bumpScale":1,"displacementScale":1,"displacementBias":0,"emissive":0,"emissiveIntensity":1,"combine":0,"reflectivity":1,"refractionRatio":0.98,"normalMapType":0,"shininess":30,"specular":1118481},{"id":"f4685122-4980-467d-bea0-50696cf84687","name":"Water Foam","transparent":true,"opacity":0.8,"display":0,"color":11728890,"wireframe":false,"flatShading":false,"bumpScale":1,"displacementScale":1,"displacementBias":0,"emissive":0,"emissiveIntensity":1,"combine":0,"reflectivity":1,"refractionRatio":0.98,"normalMapType":0,"shininess":30,"specular":1118481},{"id":"890222d1-5919-4889-b497-61d55e912d7c","name":"Phong Material","transparent":false,"opacity":1,"display":0,"color":16777214,"wireframe":false,"flatShading":false,"bumpScale":1,"displacementScale":1,"displacementBias":0,"emissive":0,"emissiveIntensity":1,"combine":0,"reflectivity":1,"refractionRatio":0.98,"normalMapType":0,"shininess":30,"specular":1118481}],"BASIC":[{"id":"fee3246e-fad4-4ee1-8d5d-7d49888f2d49","name":"Water","transparent":false,"opacity":1,"display":2,"color":8778941,"wireframe":false,"map":"67e06635-637f-46ae-85a9-8e1a74b31828","envMap":"e5430de1-6ba8-4117-8a6e-45977595ebb5","combine":0,"reflectivity":0.4,"refractionRatio":0.98}]},"textures":{"BASIC":[{"id":"135773a0-a1f7-445e-9fe7-96d1bb1770e8","name":"Grass","image":"c0e9a121-040f-4c5e-ad24-c4c1c08c8fdf","wrapS":1000,"wrapT":1000,"repeat":[5,5],"offset":[0,0]},{"id":"67e06635-637f-46ae-85a9-8e1a74b31828","name":"Texture","image":"23245448-0e7a-427f-8151-160b6f8debfc","wrapS":1000,"wrapT":1000,"repeat":[2,2],"offset":[0,0]}],"CUBE":[{"id":"e5430de1-6ba8-4117-8a6e-45977595ebb5","name":"Cube Texture","images":{"TOP":"4049650b-c99d-4869-9ea3-18c27c0d8ab2","LEFT":"c056c018-8ddd-4fe2-9a23-789540803092","FRONT":"3c0410c8-99ab-46a2-82a6-c0e25d4f15e5","RIGHT":"c500ae0d-3344-4cef-9c01-d7b2de2a59b8","BACK":"7d2f94aa-2924-45c2-ace3-a1fb5a9bcb8c","BOTTOM":"8c1ce6b1-bd5c-4806-a1a1-bf841fe3fecc"},"mapping":301}]}}