{"settings":{"Skybox":{"FRONT":"3c0410c8-99ab-46a2-82a6-c0e25d4f15e5","BACK":"7d2f94aa-2924-45c2-ace3-a1fb5a9bcb8c","LEFT":"c056c018-8ddd-4fe2-9a23-789540803092","RIGHT":"c500ae0d-3344-4cef-9c01-d7b2de2a59b8","TOP":"4049650b-c99d-4869-9ea3-18c27c0d8ab2","BOTTOM":"8c1ce6b1-bd5c-4806-a1a1-bf841fe3fecc"},"User Settings":{"Movement Speed":3,"Enable Flying":true,"User Scale":1,"Swap Joysticks":false}},"version":"0.1.2","components":{},"materials":{"943b7a57-7e8f-4717-9bc6-0ba2637d9e3b":[{"id":"fee3246e-fad4-4ee1-8d5d-7d49888f2d49","name":"Water","assetId":"943b7a57-7e8f-4717-9bc6-0ba2637d9e3b","components":[],"opacity":1,"side":2,"transparent":false,"color":8778941,"combine":0,"envMap":"e5430de1-6ba8-4117-8a6e-45977595ebb5","map":"67e06635-637f-46ae-85a9-8e1a74b31828","reflectivity":0.4,"refractionRatio":0.98,"wireframe":false},{"id":"9e248118-67c6-43d7-9b0c-e84bb831c013","name":"Pool Foam","assetId":"943b7a57-7e8f-4717-9bc6-0ba2637d9e3b","components":[],"opacity":1,"side":0,"transparent":false,"color":13565430,"combine":0,"reflectivity":1,"refractionRatio":0.98,"wireframe":false}],"a6a1aa81-50a6-4773-aaf5-446d418c9817":[{"id":"f05e958b-65af-4f58-8039-28ec8c4e8bbc","name":"Grass","assetId":"a6a1aa81-50a6-4773-aaf5-446d418c9817","components":[],"opacity":1,"side":0,"transparent":false,"bumpScale":1,"color":4036976,"displacementScale":1,"displacementBias":0,"emissive":0,"emissiveIntensity":1,"envMapIntensity":1,"flatShading":false,"map":"135773a0-a1f7-445e-9fe7-96d1bb1770e8","metalness":0,"normalMapType":0,"normalScale":[1,1],"roughness":1,"wireframe":false},{"id":"2a7c696b-b90f-48d7-949a-378accd46026","name":"Standard Material","assetId":"a6a1aa81-50a6-4773-aaf5-446d418c9817","components":[],"opacity":1,"side":0,"transparent":false,"bumpScale":1,"color":16777215,"displacementScale":1,"displacementBias":0,"emissive":0,"emissiveIntensity":1,"envMapIntensity":1,"flatShading":false,"metalness":0,"normalMapType":0,"normalScale":[1,1],"roughness":1,"wireframe":false},{"id":"df7ebe29-bf60-4746-9cd1-d7cabeabf83f","name":"Standard Material","assetId":"a6a1aa81-50a6-4773-aaf5-446d418c9817","components":[],"opacity":1,"side":0,"transparent":false,"bumpMap":"67e06635-637f-46ae-85a9-8e1a74b31828","bumpScale":0.3,"color":3022088,"displacementScale":1,"displacementBias":0,"emissive":0,"emissiveIntensity":1,"envMapIntensity":1,"flatShading":false,"map":null,"metalness":0,"normalMapType":0,"normalScale":[1,1],"roughness":1,"wireframe":false}]},"systems":{},"textures":{"95f63d4b-06d1-4211-912b-556b6ce7bf5f":[{"id":"135773a0-a1f7-445e-9fe7-96d1bb1770e8","name":"Grass","assetId":"95f63d4b-06d1-4211-912b-556b6ce7bf5f","components":[],"image":"c0e9a121-040f-4c5e-ad24-c4c1c08c8fdf","wrapS":1000,"wrapT":1000,"repeat":[5,5],"offset":[0,0]},{"id":"67e06635-637f-46ae-85a9-8e1a74b31828","name":"Texture","assetId":"95f63d4b-06d1-4211-912b-556b6ce7bf5f","components":[],"image":"23245448-0e7a-427f-8151-160b6f8debfc","wrapS":1000,"wrapT":1000,"repeat":[2,2],"offset":[0,0]}],"8f95c544-ff6a-42d3-b1e7-03a1e772b3b2":[{"id":"e5430de1-6ba8-4117-8a6e-45977595ebb5","name":"Cube Texture","assetId":"8f95c544-ff6a-42d3-b1e7-03a1e772b3b2","components":[],"images":{"TOP":"4049650b-c99d-4869-9ea3-18c27c0d8ab2","LEFT":"c056c018-8ddd-4fe2-9a23-789540803092","FRONT":"3c0410c8-99ab-46a2-82a6-c0e25d4f15e5","RIGHT":"c500ae0d-3344-4cef-9c01-d7b2de2a59b8","BACK":"7d2f94aa-2924-45c2-ace3-a1fb5a9bcb8c","BOTTOM":"8c1ce6b1-bd5c-4806-a1a1-bf841fe3fecc"},"mapping":301}]},"lights":{"944a6b29-05d2-47d9-9b33-60e7a3e18b7d":[{"id":"bd4d23cd-c24b-4b88-83ef-7338c9d29da5","name":"Underside Light","assetId":"944a6b29-05d2-47d9-9b33-60e7a3e18b7d","components":[],"position":[-10.6954,-3.04345,10.52098],"rotation":[0,0,0,"XYZ"],"scale":[1,1,1],"visualEdit":false,"color":16777215,"intensity":1,"distance":23,"decay":1},{"id":"8fada8f4-6b5f-4d34-82c8-4eb8a46e3cee","name":"Sky Light","assetId":"944a6b29-05d2-47d9-9b33-60e7a3e18b7d","components":[],"position":[0.70146,28.4298,23.68478],"rotation":[0,0,0,"XYZ"],"scale":[4.5663,4.5663,4.5663],"visualEdit":true,"color":16777215,"intensity":0.4,"distance":0,"decay":1}],"7605bff2-8ca3-4a47-b6f7-311d745507de":[{"id":"0dc1a18e-1f10-48b0-a224-101bb242f0e6","name":"Object","assetId":"7605bff2-8ca3-4a47-b6f7-311d745507de","components":[],"position":[0.01273,6.52216,1.01659],"rotation":[0,0,0,"XYZ"],"scale":[1,1,1],"visualEdit":false,"color":16777215,"intensity":0.6}]},"models":{"65fd4a54-4ef3-4d40-9b28-e40ef97b3d7a":[{"id":"5d8c4e5f-f083-4f12-9783-b71016916c74","name":"Object","assetId":"65fd4a54-4ef3-4d40-9b28-e40ef97b3d7a","components":[],"position":[-1.15864,0,6.34685],"rotation":[2.86209,1.36638,-2.85645,"XYZ"],"scale":[1,1,1],"visualEdit":true},{"id":"5be78858-0c4f-446a-a7a0-b61dc333147e","name":"Object","assetId":"65fd4a54-4ef3-4d40-9b28-e40ef97b3d7a","components":[],"position":[-6.57282,0,-0.04589],"rotation":[-3.14159,-1.34977,-3.14159,"XYZ"],"scale":[1,1,1],"visualEdit":true},{"id":"81ca2e8f-72ea-4a08-a33e-0b48f1b06748","name":"Object","assetId":"65fd4a54-4ef3-4d40-9b28-e40ef97b3d7a","components":[],"position":[6.52903,0,3.01701],"rotation":[0,0,0,"XYZ"],"scale":[1,1,1],"visualEdit":true},{"id":"4cab5abc-0d01-468c-97c7-e3f127471587","name":"Object","assetId":"65fd4a54-4ef3-4d40-9b28-e40ef97b3d7a","components":[],"position":[8.07071,0,-0.9616],"rotation":[0,1.43226,0,"XYZ"],"scale":[0.78187,0.78187,0.78187],"visualEdit":true},{"id":"526c96f7-49c8-4ae8-ae9a-302aed14fad8","name":"Object","assetId":"65fd4a54-4ef3-4d40-9b28-e40ef97b3d7a","components":[],"position":[4.71929,0,-6.60309],"rotation":[0,0,0,"XYZ"],"scale":[1.2426,1.2426,1.2426],"visualEdit":true},{"id":"79b8f3ee-99b7-493c-9f54-738e2b37000f","name":"Object","assetId":"65fd4a54-4ef3-4d40-9b28-e40ef97b3d7a","components":[],"position":[-2.98144,0,-6.89164],"rotation":[0,0,0,"XYZ"],"scale":[0.67181,0.67181,0.67181],"visualEdit":true}]},"shapes":{"0a0c7c21-d834-4a88-9234-0d9b5cf705f6":[{"id":"f4946f81-82cd-4f21-9ce4-c77afcd20145","name":"Grass","assetId":"0a0c7c21-d834-4a88-9234-0d9b5cf705f6","components":[],"position":[0,0,0],"rotation":[-1.5708,0,0,"XYZ"],"scale":[1,1,1],"visualEdit":false,"material":"f05e958b-65af-4f58-8039-28ec8c4e8bbc","radius":10,"segments":32,"thetaLength":360},{"id":"f12c0b8d-8d48-41ca-bd78-d11c16bb78d6","name":"Pool","assetId":"0a0c7c21-d834-4a88-9234-0d9b5cf705f6","components":[],"position":[2.75,0.003,5.65],"rotation":[-1.5707,0,0,"XYZ"],"scale":[23.4,23.4,23.4],"visualEdit":true,"material":"fee3246e-fad4-4ee1-8d5d-7d49888f2d49","radius":0.1,"segments":32,"thetaLength":360}],"42779f01-e2cc-495a-a4b3-b286197fa762":[{"id":"3201529b-1841-403b-a743-6d0156279869","name":"Dirt Cone","assetId":"42779f01-e2cc-495a-a4b3-b286197fa762","components":[],"position":[0,-4,0],"rotation":[3.14159,0,0,"XYZ"],"scale":[1,1,1],"visualEdit":false,"material":"df7ebe29-bf60-4746-9cd1-d7cabeabf83f","height":8,"radius":10,"radialSegments":32,"heightSegments":1,"thetaLength":360,"openEnded":true}],"534f29c3-1e85-4510-bb84-459011de6722":[{"id":"e2926652-792f-4176-a755-2f6c299ace44","name":"Pool Foam","assetId":"534f29c3-1e85-4510-bb84-459011de6722","components":[],"position":[2.75,0.001,5.65],"rotation":[-1.5707,0,0,"XYZ"],"scale":[24.5,24.5,24.5],"visualEdit":true,"material":"9e248118-67c6-43d7-9b0c-e84bb831c013","innerRadius":0.095,"outerRadius":0.1,"thetaSegments":32,"phiSegments":1,"thetaLength":360}],"936bd538-9cb8-44f5-b21f-6b4a7eccfff4":[{"id":"0e90e6c4-63c5-4a82-bc17-c91e7c10c73a","name":"Waterfall","assetId":"936bd538-9cb8-44f5-b21f-6b4a7eccfff4","components":[],"position":[4.64117,-149.997,8.8024],"rotation":[0,0.49218,0,"XYZ"],"scale":[9.21087,3000,9.21087],"visualEdit":true,"material":"fee3246e-fad4-4ee1-8d5d-7d49888f2d49","width":0.1,"height":0.1,"widthSegments":1,"heightSegments":1},{"id":"131a6061-771f-447c-9497-06711d5c496d","name":"River","assetId":"936bd538-9cb8-44f5-b21f-6b4a7eccfff4","components":[],"position":[4.2832,0.002,8.12346],"rotation":[-1.5708,0,-2.65102,"XYZ"],"scale":[9.21087,15.36781,9.21087],"visualEdit":true,"material":"fee3246e-fad4-4ee1-8d5d-7d49888f2d49","width":0.1,"height":0.1,"widthSegments":1,"heightSegments":1}],"a6ffffc9-2cd0-4fb7-a7b1-7f334930af51":[{"id":"fae40042-eb7a-493b-9f81-08c41d1a0439","name":"Art Display Panel 1","assetId":"a6ffffc9-2cd0-4fb7-a7b1-7f334930af51","components":[],"position":[0,1.35,-4.8],"rotation":[0,0,0,"XYZ"],"scale":[37.7,27,1.5],"visualEdit":false,"material":"2a7c696b-b90f-48d7-949a-378accd46026","width":0.1,"height":0.1,"depth":0.1,"widthSegments":1,"heightSegments":1,"depthSegments":1}]},"images":{},"library":{"c0e9a121-040f-4c5e-ad24-c4c1c08c8fdf":{"Name":"tilable-img_0044-dark.jpg","Type":"IMAGE","Filepath":"assets/c0e9a121-040f-4c5e-ad24-c4c1c08c8fdf/tilable-img_0044-dark.jpg"},"23245448-0e7a-427f-8151-160b6f8debfc":{"Name":"tex_Water.jpg","Type":"IMAGE","Filepath":"assets/23245448-0e7a-427f-8151-160b6f8debfc/tex_Water.jpg"},"3c0410c8-99ab-46a2-82a6-c0e25d4f15e5":{"Name":"front.jpg","Type":"IMAGE","Filepath":"assets/3c0410c8-99ab-46a2-82a6-c0e25d4f15e5/front.jpg"},"7d2f94aa-2924-45c2-ace3-a1fb5a9bcb8c":{"Name":"back.jpg","Type":"IMAGE","Filepath":"assets/7d2f94aa-2924-45c2-ace3-a1fb5a9bcb8c/back.jpg"},"c056c018-8ddd-4fe2-9a23-789540803092":{"Name":"left.jpg","Type":"IMAGE","Filepath":"assets/c056c018-8ddd-4fe2-9a23-789540803092/left.jpg"},"c500ae0d-3344-4cef-9c01-d7b2de2a59b8":{"Name":"right.jpg","Type":"IMAGE","Filepath":"assets/c500ae0d-3344-4cef-9c01-d7b2de2a59b8/right.jpg"},"4049650b-c99d-4869-9ea3-18c27c0d8ab2":{"Name":"top.jpg","Type":"IMAGE","Filepath":"assets/4049650b-c99d-4869-9ea3-18c27c0d8ab2/top.jpg"},"8c1ce6b1-bd5c-4806-a1a1-bf841fe3fecc":{"Name":"bottom.jpg","Type":"IMAGE","Filepath":"assets/8c1ce6b1-bd5c-4806-a1a1-bf841fe3fecc/bottom.jpg"},"65fd4a54-4ef3-4d40-9b28-e40ef97b3d7a":{"Name":"birch_tree_resized.glb","Type":"MODEL","Filepath":"assets/65fd4a54-4ef3-4d40-9b28-e40ef97b3d7a/birch_tree_resized.glb"}}}