{"settings":{"Skybox":["5e1fc277-2b86-433e-a320-180090145df8","7f14d14a-3581-41af-9f4d-124ae052cd50","37f3becd-0b96-45e1-bb8c-28aaf892bf29","177f141e-03bc-4233-9235-edeab2a819cb","330ba897-dd7b-4ee2-bb3d-741d72fb78ee","23071ec3-7be4-420f-a4c4-9d545c145ab8"],"User Settings":{"Movement Speed":3,"Enable Flying":true,"User Scale":1,"Swap Joysticks":false},"Acknowledgements":[]},"version":"0.2.0","components":{"a9d2e22f-ddf6-49fe-a420-5fffd5ee69a3":[{"id":"66a03891-1a45-4388-923c-bb2bb9d4d5e0","name":"Texture Scroll","assetId":"a9d2e22f-ddf6-49fe-a420-5fffd5ee69a3","components":[],"scrollPercent":[2,7],"period":1}]},"custom_assets":{},"audios":{},"images":{"0f6ae9cb-934c-4595-8ef0-813d2dc915f6":[{"id":"ac68652a-ca25-4947-8d71-64994b8657ec","name":"Mission Map","assetId":"0f6ae9cb-934c-4595-8ef0-813d2dc915f6","components":[],"parentId":"dc23454b-9d3c-4c94-b1d2-0448ec28415f","position":[-1,1.6,-2],"rotation":[0,0.4363323129985824,0],"scale":[1,1,1],"visualEdit":false,"doubleSided":true,"transparent":true}],"f2c7858a-7b3f-4fb8-9978-879aa26567a8":[{"id":"5d254a40-8dd3-45b4-8a86-f827663aa9ec","name":"Attribution","assetId":"f2c7858a-7b3f-4fb8-9978-879aa26567a8","components":[],"parentId":"dc23454b-9d3c-4c94-b1d2-0448ec28415f","position":[2,1.6,-10],"rotation":[0,0,0],"scale":[1,1,1],"visualEdit":true,"doubleSided":true,"transparent":true}],"5d2b9c85-8248-471f-852a-744c62ce8d3a":[{"id":"8b206b98-f54c-4580-bf57-da96d683a0dd","name":"Mission Map","assetId":"5d2b9c85-8248-471f-852a-744c62ce8d3a","components":[],"parentId":"dc23454b-9d3c-4c94-b1d2-0448ec28415f","position":[2,1.6,-1],"rotation":[0,-1.0471975511965976,0],"scale":[1,1,1],"visualEdit":false,"doubleSided":true,"transparent":true}],"36d8c621-ec93-4f66-afcc-f53146158d6a":[{"id":"d37c7116-c05c-4e0b-b717-da2dbd82dd5c","name":"Mission Map","assetId":"36d8c621-ec93-4f66-afcc-f53146158d6a","components":[],"parentId":"dc23454b-9d3c-4c94-b1d2-0448ec28415f","position":[1,1.6,2],"rotation":[0,3.6651914291880923,0],"scale":[1,1,1],"visualEdit":false,"doubleSided":true,"transparent":true}],"fca210eb-3073-4bb4-889f-debe0e8ff8fc":[{"id":"adadb76c-79eb-497b-a25e-c1cea4f7c213","name":"Mission Map","assetId":"fca210eb-3073-4bb4-889f-debe0e8ff8fc","components":[],"parentId":"dc23454b-9d3c-4c94-b1d2-0448ec28415f","position":[-2,1.6,1],"rotation":[0,2.0943951023931953,0],"scale":[1,1,1],"visualEdit":false,"doubleSided":true,"transparent":true}],"1e03d683-28a7-439e-b6cc-2ad74e7c0d89":[{"id":"ae3c3df2-615f-484e-b863-be03f2c32c37","name":"Coming Soon","assetId":"1e03d683-28a7-439e-b6cc-2ad74e7c0d89","components":[],"parentId":"dc23454b-9d3c-4c94-b1d2-0448ec28415f","position":[-10,1.6,0],"rotation":[0,1.5707963267948966,0],"scale":[1,1,1],"visualEdit":false,"doubleSided":true,"transparent":true}],"8a989545-c504-45fc-9f9e-652617119597":[{"id":"bf5717c9-4f8d-4b10-86b6-59af1075fc4c","name":"Coming Soon","assetId":"8a989545-c504-45fc-9f9e-652617119597","components":[],"parentId":"dc23454b-9d3c-4c94-b1d2-0448ec28415f","position":[0,1.6,10],"rotation":[0,3.141592653589793,0],"scale":[1,1,1],"visualEdit":false,"doubleSided":true,"transparent":true}],"94313c93-9a6b-47b8-ad44-f50806529470":[{"id":"b8054d08-b09f-42f5-ab71-da1ed099bb0c","name":"Coming Soon","assetId":"94313c93-9a6b-47b8-ad44-f50806529470","components":[],"parentId":"dc23454b-9d3c-4c94-b1d2-0448ec28415f","position":[10,1.6,0],"rotation":[0,4.71238898038469,0],"scale":[1,1,1],"visualEdit":false,"doubleSided":true,"transparent":true}]},"lights":{"944a6b29-05d2-47d9-9b33-60e7a3e18b7d":[{"id":"458a3e47-7f3c-4bc2-95d1-f5b49b3a1d1c","name":"Moon Light","assetId":"944a6b29-05d2-47d9-9b33-60e7a3e18b7d","components":[],"parentId":"dc23454b-9d3c-4c94-b1d2-0448ec28415f","position":[-143.70459,261.36328,-30.28498],"rotation":[0,0,0],"scale":[1,1,1],"visualEdit":true,"color":16777215,"intensity":100000,"distance":0,"decay":2},{"id":"2a6eebc2-1332-4ddd-8a34-5a604150b9d9","name":"Red Top Light","assetId":"944a6b29-05d2-47d9-9b33-60e7a3e18b7d","components":[],"parentId":"dc23454b-9d3c-4c94-b1d2-0448ec28415f","position":[0,50,-33.21856],"rotation":[0,-1.39998,0],"scale":[1,1,1],"visualEdit":true,"color":16725575,"intensity":1,"distance":0,"decay":2},{"id":"34a6b303-3954-456c-84b6-a53b56de868c","name":"Green Edge Light","assetId":"944a6b29-05d2-47d9-9b33-60e7a3e18b7d","components":[],"parentId":"dc23454b-9d3c-4c94-b1d2-0448ec28415f","position":[-81.574,20,22.14153],"rotation":[-3.14159,1.09807,3.14159],"scale":[1,1,1],"visualEdit":true,"color":486930,"intensity":7000,"distance":0,"decay":2},{"id":"c190e3ef-e698-42bd-9bd9-43954d0951c1","name":"Red Edge Light","assetId":"944a6b29-05d2-47d9-9b33-60e7a3e18b7d","components":[],"parentId":"dc23454b-9d3c-4c94-b1d2-0448ec28415f","position":[76,20,-25],"rotation":[0,-1.21242,0],"scale":[1,1,1],"visualEdit":true,"color":7471116,"intensity":7000,"distance":0,"decay":2}],"7605bff2-8ca3-4a47-b6f7-311d745507de":[{"id":"26189610-6433-4520-b7bc-021e5c42366c","name":"Ambient Light","assetId":"7605bff2-8ca3-4a47-b6f7-311d745507de","components":[],"parentId":"dc23454b-9d3c-4c94-b1d2-0448ec28415f","position":[0,0,0],"rotation":[0,0,0],"scale":[1,1,1],"visualEdit":false,"color":16777215,"intensity":1}]},"materials":{"a6a1aa81-50a6-4773-aaf5-446d418c9817":[{"id":"45ccbd57-30f2-4e4d-9a09-99451a4c062c","name":"Walkway","assetId":"a6a1aa81-50a6-4773-aaf5-446d418c9817","components":[],"opacity":1,"side":0,"transparent":false,"bumpScale":1,"color":16449535,"displacementScale":1,"displacementBias":0,"emissive":3080191,"emissiveMapId":"d2e030d9-0f51-4267-a82e-f8faedfd9419","emissiveIntensity":0.1,"envMapId":"a132c2e4-327e-4154-bd43-0bf97df8f2cb","envMapIntensity":1,"flatShading":false,"metalness":0.7,"normalMapType":0,"normalScale":[1,1],"roughness":0,"roughnessMapId":"d2e030d9-0f51-4267-a82e-f8faedfd9419","wireframe":false},{"id":"d55eeca9-c0e4-4290-b25b-37695e09bcc6","name":"Dome","assetId":"a6a1aa81-50a6-4773-aaf5-446d418c9817","components":[],"opacity":1,"side":2,"transparent":true,"alphaMapId":"f13192fc-f60e-4f0b-b4ab-0e1b6abd61a8","bumpScale":1,"color":514,"displacementScale":1,"displacementBias":0,"emissive":2490367,"emissiveIntensity":1,"envMapIntensity":1,"flatShading":false,"mapId":null,"metalness":0,"normalMapType":0,"normalScale":[1,1],"roughness":1,"wireframe":false},{"id":"3cae1788-d420-4136-86a5-9fb1c05ac43f","name":"Floor","assetId":"a6a1aa81-50a6-4773-aaf5-446d418c9817","components":[],"opacity":1,"side":0,"transparent":false,"bumpScale":1,"color":16580349,"displacementMapId":null,"displacementScale":1,"displacementBias":0,"emissive":9938856,"emissiveMapId":"d69a6a0b-9d73-44b6-857c-81bb6129a319","emissiveIntensity":0.6,"envMapIntensity":1,"flatShading":false,"mapId":"0a1cf13f-5f59-4b4a-95c7-e6095503cfac","metalness":0.9,"metalnessMapId":"25ef17e7-a2b9-4111-a3fb-bcf2fa001143","normalMapId":"f33de21c-2d66-4113-851e-6f2123ef1ec7","normalMapType":1,"normalScale":[1,1],"roughness":1,"roughnessMapId":"d2e030d9-0f51-4267-a82e-f8faedfd9419","wireframe":false}]},"models":{"9150053c-3f8c-40e3-a613-70663d384901":[{"id":"7f13ffd3-e4fb-48b4-8d6f-364d1b024ac7","name":"Rocket","assetId":"9150053c-3f8c-40e3-a613-70663d384901","components":[],"parentId":"dc23454b-9d3c-4c94-b1d2-0448ec28415f","position":[0,0.04,-15],"rotation":[0,1.5707963267948966,0],"scale":[1,1,1],"visualEdit":true}]},"shapes":{"0a0c7c21-d834-4a88-9234-0d9b5cf705f6":[{"id":"c7df0058-02d3-481c-ba34-046dece2a6a1","name":"Floor","assetId":"0a0c7c21-d834-4a88-9234-0d9b5cf705f6","components":[],"parentId":"dc23454b-9d3c-4c94-b1d2-0448ec28415f","position":[0,0,0],"rotation":[4.71238898038469,0,0],"scale":[25,25,25],"visualEdit":false,"materialId":"3cae1788-d420-4136-86a5-9fb1c05ac43f","radius":1,"segments":32,"thetaLength":360}],"a6ffffc9-2cd0-4fb7-a7b1-7f334930af51":[{"id":"170ac76e-3fa4-49ee-ab53-78f52ac771e2","name":"Front Path","assetId":"a6ffffc9-2cd0-4fb7-a7b1-7f334930af51","components":[],"parentId":"dc23454b-9d3c-4c94-b1d2-0448ec28415f","position":[0,0.0199,-6],"rotation":[0,0,0],"scale":[1,1,1],"visualEdit":false,"materialId":"45ccbd57-30f2-4e4d-9a09-99451a4c062c","width":1,"height":0.04,"depth":9,"widthSegments":1,"heightSegments":1,"depthSegments":1},{"id":"41f2f56f-d248-4c9c-98a9-0cdd41bdd1b7","name":"Back Path","assetId":"a6ffffc9-2cd0-4fb7-a7b1-7f334930af51","components":[],"parentId":"dc23454b-9d3c-4c94-b1d2-0448ec28415f","position":[0,0.0199,6],"rotation":[0,0,0],"scale":[1,1,1],"visualEdit":false,"materialId":"45ccbd57-30f2-4e4d-9a09-99451a4c062c","width":1,"height":0.04,"depth":9,"widthSegments":1,"heightSegments":1,"depthSegments":1},{"id":"58ce0cb0-6fa9-4264-a662-d20cb1fc7754","name":"Right Path","assetId":"a6ffffc9-2cd0-4fb7-a7b1-7f334930af51","components":[],"parentId":"dc23454b-9d3c-4c94-b1d2-0448ec28415f","position":[6,0.0199,0],"rotation":[0,1.5707963267948966,0],"scale":[1,1,1],"visualEdit":false,"materialId":"45ccbd57-30f2-4e4d-9a09-99451a4c062c","width":1,"height":0.04,"depth":9,"widthSegments":1,"heightSegments":1,"depthSegments":1},{"id":"c45d610d-6f84-49ff-a39e-c0a0909d038a","name":"Left Path","assetId":"a6ffffc9-2cd0-4fb7-a7b1-7f334930af51","components":[],"parentId":"dc23454b-9d3c-4c94-b1d2-0448ec28415f","position":[-6,0.0199,0],"rotation":[0,1.5708,0],"scale":[1,1,1],"visualEdit":false,"materialId":"45ccbd57-30f2-4e4d-9a09-99451a4c062c","width":1,"height":0.04,"depth":9,"widthSegments":1,"heightSegments":1,"depthSegments":1}],"f4efc996-0d50-48fe-9313-3c7b1a5c1754":[{"id":"7fb7276d-92bc-4f3a-8e0b-4585c9ced80e","name":"Center Platform","assetId":"f4efc996-0d50-48fe-9313-3c7b1a5c1754","components":[],"parentId":"dc23454b-9d3c-4c94-b1d2-0448ec28415f","position":[0,0.02,0],"rotation":[0,-1.5707963267948966,0],"scale":[1,1,1],"visualEdit":false,"materialId":"45ccbd57-30f2-4e4d-9a09-99451a4c062c","height":0.04,"radiusTop":2,"radiusBottom":2,"radialSegments":32,"heightSegments":1,"thetaLength":360,"openEnded":false},{"id":"17e97b7e-20ce-4b75-87d0-1c9c8eed963a","name":"Front Platform","assetId":"f4efc996-0d50-48fe-9313-3c7b1a5c1754","components":[],"parentId":"dc23454b-9d3c-4c94-b1d2-0448ec28415f","position":[0,0.02,-15],"rotation":[0,-1.5707963267948966,0],"scale":[1,1,1],"visualEdit":false,"materialId":"45ccbd57-30f2-4e4d-9a09-99451a4c062c","height":0.04,"radiusTop":5,"radiusBottom":5,"radialSegments":32,"heightSegments":1,"thetaLength":360,"openEnded":false},{"id":"6a4de921-de1d-4a78-97f6-4a7bade30c76","name":"Right Platform","assetId":"f4efc996-0d50-48fe-9313-3c7b1a5c1754","components":[],"parentId":"dc23454b-9d3c-4c94-b1d2-0448ec28415f","position":[15,0.02,0],"rotation":[0,-1.5707963267948966,0],"scale":[1,1,1],"visualEdit":false,"materialId":"45ccbd57-30f2-4e4d-9a09-99451a4c062c","height":0.04,"radiusTop":5,"radiusBottom":5,"radialSegments":32,"heightSegments":1,"thetaLength":360,"openEnded":false},{"id":"0645d2c0-1c0f-49bc-a9fa-03a249f65d4e","name":"Left Platform","assetId":"f4efc996-0d50-48fe-9313-3c7b1a5c1754","components":[],"parentId":"dc23454b-9d3c-4c94-b1d2-0448ec28415f","position":[-15,0.02,0],"rotation":[0,-1.5707963267948966,0],"scale":[1,1,1],"visualEdit":false,"materialId":"45ccbd57-30f2-4e4d-9a09-99451a4c062c","height":0.04,"radiusTop":5,"radiusBottom":5,"radialSegments":32,"heightSegments":1,"thetaLength":360,"openEnded":false},{"id":"4f7d653c-2394-45d8-96b9-0197c1cfbee7","name":"Back Platform","assetId":"f4efc996-0d50-48fe-9313-3c7b1a5c1754","components":[],"parentId":"dc23454b-9d3c-4c94-b1d2-0448ec28415f","position":[0,0.02,15],"rotation":[0,-1.5707963267948966,0],"scale":[1,1,1],"visualEdit":false,"materialId":"45ccbd57-30f2-4e4d-9a09-99451a4c062c","height":0.04,"radiusTop":5,"radiusBottom":5,"radialSegments":32,"heightSegments":1,"thetaLength":360,"openEnded":false}],"423c9506-52f4-4725-b848-69913cce2b00":[{"id":"5d03099c-e1e6-4bc7-9657-43df90e74d2e","name":"Artemis 2 Dome","assetId":"423c9506-52f4-4725-b848-69913cce2b00","components":[],"parentId":"dc23454b-9d3c-4c94-b1d2-0448ec28415f","position":[15,0,0],"rotation":[0,0,0],"scale":[1,1,1],"visualEdit":false,"materialId":"d55eeca9-c0e4-4290-b25b-37695e09bcc6","radius":5,"widthSegments":32,"heightSegments":16,"phiLength":360,"thetaLength":180},{"id":"73046ed7-52f3-4f9a-ab7f-d440adeb8b11","name":"Artemis 3 Dome","assetId":"423c9506-52f4-4725-b848-69913cce2b00","components":[],"parentId":"dc23454b-9d3c-4c94-b1d2-0448ec28415f","position":[0,0,15],"rotation":[0,0,0],"scale":[1,1,1],"visualEdit":false,"materialId":"d55eeca9-c0e4-4290-b25b-37695e09bcc6","radius":5,"widthSegments":32,"heightSegments":16,"phiLength":360,"thetaLength":180},{"id":"661b6f62-0cd5-47ce-895d-f7492b841019","name":"Artemis 4 Dome","assetId":"423c9506-52f4-4725-b848-69913cce2b00","components":[],"parentId":"dc23454b-9d3c-4c94-b1d2-0448ec28415f","position":[-15,0,0],"rotation":[0,0,0],"scale":[1,1,1],"visualEdit":false,"materialId":"d55eeca9-c0e4-4290-b25b-37695e09bcc6","radius":5,"widthSegments":32,"heightSegments":16,"phiLength":360,"thetaLength":180}]},"systems":{"2c7f5320-0371-4d99-b546-2eb18a343d3f":[{"id":"7890117f-e538-475f-af86-fd82f70ec327","name":"Texture Scroller","assetId":"2c7f5320-0371-4d99-b546-2eb18a343d3f","components":[]}]},"textures":{"95f63d4b-06d1-4211-912b-556b6ce7bf5f":[{"id":"0a1cf13f-5f59-4b4a-95c7-e6095503cfac","name":"Floor Base","assetId":"95f63d4b-06d1-4211-912b-556b6ce7bf5f","components":[],"colorSpace":"srgb","image":"6b983c65-5151-435e-b9e9-ffbf4cd28a92","wrapS":1000,"wrapT":1000,"repeat":[25,25],"offset":[0,0]},{"id":"d69a6a0b-9d73-44b6-857c-81bb6129a319","name":"Floor Emissive","assetId":"95f63d4b-06d1-4211-912b-556b6ce7bf5f","components":[],"colorSpace":"srgb","image":"de34ff6c-bf9b-4c35-924b-30f3f0d5c7d3","wrapS":1000,"wrapT":1000,"repeat":[25,25],"offset":[0,0]},{"id":"25ef17e7-a2b9-4111-a3fb-bcf2fa001143","name":"Floor Metalness","assetId":"95f63d4b-06d1-4211-912b-556b6ce7bf5f","components":[],"colorSpace":"","image":"7f902d15-0242-44de-9c22-78ca08f38dd5","wrapS":1000,"wrapT":1000,"repeat":[25,25],"offset":[0,0]},{"id":"f33de21c-2d66-4113-851e-6f2123ef1ec7","name":"Texture","assetId":"95f63d4b-06d1-4211-912b-556b6ce7bf5f","components":[],"colorSpace":"","image":"4cab6f3b-fbb9-48c0-82d8-8e29da81c701","wrapS":1000,"wrapT":1000,"repeat":[25,25],"offset":[0,0]},{"id":"d2e030d9-0f51-4267-a82e-f8faedfd9419","name":"Texture","assetId":"95f63d4b-06d1-4211-912b-556b6ce7bf5f","components":[],"colorSpace":"","image":"f63b2d80-7a26-4e62-ae06-2b8b60f7a20a","wrapS":1000,"wrapT":1000,"repeat":[1,1],"offset":[0,0]},{"id":"f13192fc-f60e-4f0b-b4ab-0e1b6abd61a8","name":"Dome Emissive","assetId":"95f63d4b-06d1-4211-912b-556b6ce7bf5f","components":["66a03891-1a45-4388-923c-bb2bb9d4d5e0"],"colorSpace":"","image":"de34ff6c-bf9b-4c35-924b-30f3f0d5c7d3","wrapS":1000,"wrapT":1000,"repeat":[10,6],"offset":[0,0]}],"8f95c544-ff6a-42d3-b1e7-03a1e772b3b2":[{"id":"a132c2e4-327e-4154-bd43-0bf97df8f2cb","name":"Cube Texture","assetId":"8f95c544-ff6a-42d3-b1e7-03a1e772b3b2","components":[],"colorSpace":"srgb","images":["5e1fc277-2b86-433e-a320-180090145df8","7f14d14a-3581-41af-9f4d-124ae052cd50","37f3becd-0b96-45e1-bb8c-28aaf892bf29","177f141e-03bc-4233-9235-edeab2a819cb","330ba897-dd7b-4ee2-bb3d-741d72fb78ee","23071ec3-7be4-420f-a4c4-9d545c145ab8"],"mapping":301}]},"library":{"a9d2e22f-ddf6-49fe-a420-5fffd5ee69a3":{"Name":"Texture Scroll","Type":"COMPONENT","Filepath":"assets/a9d2e22f-ddf6-49fe-a420-5fffd5ee69a3/Texture Scroll"},"0f6ae9cb-934c-4595-8ef0-813d2dc915f6":{"Name":"Artemis I Mission.jpeg","Type":"IMAGE","Filepath":"assets/0f6ae9cb-934c-4595-8ef0-813d2dc915f6/Artemis I Mission.jpeg"},"f2c7858a-7b3f-4fb8-9978-879aa26567a8":{"Name":"SLS Model Attribution.jpg","Type":"IMAGE","Filepath":"assets/f2c7858a-7b3f-4fb8-9978-879aa26567a8/SLS Model Attribution.jpg"},"5d2b9c85-8248-471f-852a-744c62ce8d3a":{"Name":"Artemis II Mission.jpeg","Type":"IMAGE","Filepath":"assets/5d2b9c85-8248-471f-852a-744c62ce8d3a/Artemis II Mission.jpeg"},"36d8c621-ec93-4f66-afcc-f53146158d6a":{"Name":"Artemis III Mission.jpeg","Type":"IMAGE","Filepath":"assets/36d8c621-ec93-4f66-afcc-f53146158d6a/Artemis III Mission.jpeg"},"fca210eb-3073-4bb4-889f-debe0e8ff8fc":{"Name":"Artemis IV Mission.jpeg","Type":"IMAGE","Filepath":"assets/fca210eb-3073-4bb4-889f-debe0e8ff8fc/Artemis IV Mission.jpeg"},"1e03d683-28a7-439e-b6cc-2ad74e7c0d89":{"Name":"IV Coming Soon.jpg","Type":"IMAGE","Filepath":"assets/1e03d683-28a7-439e-b6cc-2ad74e7c0d89/IV Coming Soon.jpg"},"8a989545-c504-45fc-9f9e-652617119597":{"Name":"III Coming Soon.jpg","Type":"IMAGE","Filepath":"assets/8a989545-c504-45fc-9f9e-652617119597/III Coming Soon.jpg"},"94313c93-9a6b-47b8-ad44-f50806529470":{"Name":"II Coming Soon.jpg","Type":"IMAGE","Filepath":"assets/94313c93-9a6b-47b8-ad44-f50806529470/II Coming Soon.jpg"},"9150053c-3f8c-40e3-a613-70663d384901":{"Name":"sls rocket.glb","Type":"MODEL","Filepath":"assets/9150053c-3f8c-40e3-a613-70663d384901/sls rocket.glb"},"2c7f5320-0371-4d99-b546-2eb18a343d3f":{"Name":"Texture Scroller","Type":"SYSTEM","Filepath":"assets/2c7f5320-0371-4d99-b546-2eb18a343d3f/Texture Scroller"},"6b983c65-5151-435e-b9e9-ffbf4cd28a92":{"Name":"Hex_glow_basecolor.jpg","Type":"IMAGE","Filepath":"assets/6b983c65-5151-435e-b9e9-ffbf4cd28a92/Hex_glow_basecolor.jpg"},"de34ff6c-bf9b-4c35-924b-30f3f0d5c7d3":{"Name":"Hex_glow_emissive.jpg","Type":"IMAGE","Filepath":"assets/de34ff6c-bf9b-4c35-924b-30f3f0d5c7d3/Hex_glow_emissive.jpg"},"7f902d15-0242-44de-9c22-78ca08f38dd5":{"Name":"Hex_glow_metallic.jpg","Type":"IMAGE","Filepath":"assets/7f902d15-0242-44de-9c22-78ca08f38dd5/Hex_glow_metallic.jpg"},"4cab6f3b-fbb9-48c0-82d8-8e29da81c701":{"Name":"Hex_glow_normal.jpg","Type":"IMAGE","Filepath":"assets/4cab6f3b-fbb9-48c0-82d8-8e29da81c701/Hex_glow_normal.jpg"},"f63b2d80-7a26-4e62-ae06-2b8b60f7a20a":{"Name":"Hex_glow_roughness.jpg","Type":"IMAGE","Filepath":"assets/f63b2d80-7a26-4e62-ae06-2b8b60f7a20a/Hex_glow_roughness.jpg"},"330ba897-dd7b-4ee2-bb3d-741d72fb78ee":{"Name":"space skybox front.jpg","Type":"IMAGE","Filepath":"assets/330ba897-dd7b-4ee2-bb3d-741d72fb78ee/space skybox front.jpg"},"23071ec3-7be4-420f-a4c4-9d545c145ab8":{"Name":"space skybox back.jpg","Type":"IMAGE","Filepath":"assets/23071ec3-7be4-420f-a4c4-9d545c145ab8/space skybox back.jpg"},"7f14d14a-3581-41af-9f4d-124ae052cd50":{"Name":"space skybox left.jpg","Type":"IMAGE","Filepath":"assets/7f14d14a-3581-41af-9f4d-124ae052cd50/space skybox left.jpg"},"5e1fc277-2b86-433e-a320-180090145df8":{"Name":"space skybox right.jpg","Type":"IMAGE","Filepath":"assets/5e1fc277-2b86-433e-a320-180090145df8/space skybox right.jpg"},"37f3becd-0b96-45e1-bb8c-28aaf892bf29":{"Name":"space skybox up.jpg","Type":"IMAGE","Filepath":"assets/37f3becd-0b96-45e1-bb8c-28aaf892bf29/space skybox up.jpg"},"177f141e-03bc-4233-9235-edeab2a819cb":{"Name":"space skybox down.jpg","Type":"IMAGE","Filepath":"assets/177f141e-03bc-4233-9235-edeab2a819cb/space skybox down.jpg"}}}
