{"settings":{"Skybox":[null,null,null,null,null,null],"User Settings":{"Movement Speed":3,"Enable Flying":true,"User Scale":1,"Swap Joysticks":false},"Acknowledgements":[{"Asset":"VR Gallery TEST","Author":"Sketchfab User jimbogies","License":"CC Attribution","Source URL":"https://sketchfab.com/3d-models/none-d99b6663b89a432bb1202d76d8672051","Preview Image URL":"https://media.sketchfab.com/models/d99b6663b89a432bb1202d76d8672051/thumbnails/8ada08041f9147d59ac85505166ce922/511ba95b9a494ef2963f6d704eda3b81.jpeg"}]},"version":"0.3.5","components":{"d9891de1-914d-4448-9e66-8867211b5dc8":[{"id":"b238b540-e513-4201-b113-2ee7ba1e2bcf","name":"Grabbable","assetId":"d9891de1-914d-4448-9e66-8867211b5dc8","components":[],"stealable":false}]},"custom_assets":{},"audios":{},"images":{"2588ebdb-6f34-4302-ac34-6e69df26c7c2":[{"id":"8ed8f05b-4d85-4ab0-a938-46ced52c442c","name":"image.png","assetId":"2588ebdb-6f34-4302-ac34-6e69df26c7c2","components":[],"parentId":"dc23454b-9d3c-4c94-b1d2-0448ec28415f","position":[-0.00467,1.35373,-2.61367],"renderOrder":1,"rotation":[0,0,0],"scale":[2.04919,2.04919,2.04919],"visualEdit":false,"side":2}]},"lights":{"7605bff2-8ca3-4a47-b6f7-311d745507de":[{"id":"12f8c1b3-3d11-4470-a7df-0ef45aca79e3","name":"Ambient Light","assetId":"7605bff2-8ca3-4a47-b6f7-311d745507de","components":[],"parentId":"dc23454b-9d3c-4c94-b1d2-0448ec28415f","position":[0,0,0],"renderOrder":0,"rotation":[0,0,0],"scale":[1,1,1],"visualEdit":false,"color":16777215,"intensity":3}],"495a9c3f-fa4f-4c55-9a38-74f4f34450cc":[{"id":"f6187e15-99bf-4081-ac64-5f5744b711af","name":"Directional Light","assetId":"495a9c3f-fa4f-4c55-9a38-74f4f34450cc","components":[],"parentId":"dc23454b-9d3c-4c94-b1d2-0448ec28415f","position":[0,0,0],"renderOrder":0,"rotation":[0,0,0],"scale":[1,1,1],"visualEdit":false,"color":16777215,"intensity":3,"direction":[0,-1,0]}]},"materials":{"a6a1aa81-50a6-4773-aaf5-446d418c9817":[{"id":"62f336e9-7cb8-4c31-92ed-d13b9ce0dd70","name":"Standard Material","assetId":"a6a1aa81-50a6-4773-aaf5-446d418c9817","components":[],"opacity":1,"side":0,"transparent":false,"bumpScale":1,"color":16777215,"displacementScale":1,"displacementBias":0,"emissive":0,"emissiveIntensity":1,"envMapIntensity":1,"flatShading":false,"metalness":0,"normalMapType":0,"normalScale":[1,1],"roughness":1,"wireframe":false},{"id":"a7480a45-e2ee-4d11-8a1b-ab3aed9d776e","name":"Standard Material","assetId":"a6a1aa81-50a6-4773-aaf5-446d418c9817","components":[],"opacity":1,"side":0,"transparent":false,"bumpScale":1,"color":0,"displacementScale":1,"displacementBias":0,"emissive":0,"emissiveIntensity":1,"envMapIntensity":1,"flatShading":false,"metalness":0,"normalMapType":0,"normalScale":[1,1],"roughness":1,"wireframe":false}],"943b7a57-7e8f-4717-9bc6-0ba2637d9e3b":[{"id":"79683c4c-dbec-4556-9c67-0c37dc1650c7","name":"Basic Material","assetId":"943b7a57-7e8f-4717-9bc6-0ba2637d9e3b","components":[],"opacity":0,"side":2,"transparent":true,"color":16777215,"combine":0,"reflectivity":1,"refractionRatio":0.98,"wireframe":false}]},"models":{"c272e4eb-24ab-4d2f-bfc2-1449d0c8ef32":[{"id":"de754d6e-fa57-4cca-805a-c001f52ad63c","name":"VR Gallery TEST","assetId":"c272e4eb-24ab-4d2f-bfc2-1449d0c8ef32","components":[],"parentId":"dc23454b-9d3c-4c94-b1d2-0448ec28415f","position":[0,0,0],"renderOrder":0,"rotation":[0,0,0],"scale":[1,1,1],"visualEdit":false}]},"shapes":{"a6ffffc9-2cd0-4fb7-a7b1-7f334930af51":[{"id":"81d932aa-c04c-4f3a-95ef-b5fa448ae981","name":"Box","assetId":"a6ffffc9-2cd0-4fb7-a7b1-7f334930af51","components":[],"parentId":"dc23454b-9d3c-4c94-b1d2-0448ec28415f","position":[0,1.11252,-2.66567],"renderOrder":0,"rotation":[0,0,0],"scale":[1,1,1],"visualEdit":false,"materialId":"62f336e9-7cb8-4c31-92ed-d13b9ce0dd70","width":2.25,"height":2.25,"depth":0.1,"widthSegments":1,"heightSegments":1,"depthSegments":1}],"f4efc996-0d50-48fe-9313-3c7b1a5c1754":[{"id":"5f4df269-663f-48bf-9518-66ad4360ef35","name":"Handle","assetId":"f4efc996-0d50-48fe-9313-3c7b1a5c1754","components":["b238b540-e513-4201-b113-2ee7ba1e2bcf"],"parentId":"dc23454b-9d3c-4c94-b1d2-0448ec28415f","position":[0,1.30289,-1.12438],"renderOrder":0,"rotation":[0,0,0],"scale":[1,1,1],"visualEdit":false,"materialId":"a7480a45-e2ee-4d11-8a1b-ab3aed9d776e","height":0.2,"radiusTop":0.005,"radiusBottom":0.01,"radialSegments":32,"heightSegments":1,"thetaLength":360,"openEnded":false}],"6b8bcbf1-49b0-42ce-9d60-9a7db6e425bf":[{"id":"3d6ef4ab-1a55-422a-a6fe-48cf4c1e22db","name":"Frame","assetId":"6b8bcbf1-49b0-42ce-9d60-9a7db6e425bf","components":[],"parentId":"5f4df269-663f-48bf-9518-66ad4360ef35","position":[0,0.1994100000000001,0],"renderOrder":0,"rotation":[0,0,0],"scale":[1,1,1],"visualEdit":false,"materialId":"a7480a45-e2ee-4d11-8a1b-ab3aed9d776e","radius":0.1,"tube":0.005,"radialSegments":16,"tubularSegments":32,"arc":360}],"0a0c7c21-d834-4a88-9234-0d9b5cf705f6":[{"id":"55b1b3b0-b89e-4d32-a737-921b32f6eedc","name":"Lens","assetId":"0a0c7c21-d834-4a88-9234-0d9b5cf705f6","components":[],"parentId":"3d6ef4ab-1a55-422a-a6fe-48cf4c1e22db","position":[0,0,0],"renderOrder":0,"rotation":[0,0,0],"scale":[1,1,1],"visualEdit":false,"materialId":"79683c4c-dbec-4556-9c67-0c37dc1650c7","radius":0.1,"segments":32,"thetaLength":360}]},"systems":{"6329e98a-4311-4457-9198-48d75640f8cc":[{"id":"c5b34624-728e-4d51-b142-2e81ceea73fd","name":"Grabbable System","assetId":"6329e98a-4311-4457-9198-48d75640f8cc","components":[]}]},"texts":{"c03485a9-1962-4ce6-9cc6-f61546a0e143":[{"id":"4d014ffb-fea2-46e8-9262-f23c95f9b9ef","name":"Plain Text","assetId":"c03485a9-1962-4ce6-9cc6-f61546a0e143","components":[],"parentId":"dc23454b-9d3c-4c94-b1d2-0448ec28415f","position":[0.01707,1.23145,-2.61467],"renderOrder":0,"rotation":[0,0,0],"scale":[1,1,1],"visualEdit":false,"fontColor":16746448,"fontSize":0.13,"text":"Digital Bacon makes it easy to build 3D websites","textAlign":"center","maxWidth":1.8}]},"textures":{},"videos":{},"library":{"c272e4eb-24ab-4d2f-bfc2-1449d0c8ef32":{"Name":"VR Gallery TEST","Type":"MODEL","SketchfabID":"d99b6663b89a432bb1202d76d8672051","Filepath":"assets/c272e4eb-24ab-4d2f-bfc2-1449d0c8ef32/VR Gallery TEST"},"2588ebdb-6f34-4302-ac34-6e69df26c7c2":{"Name":"image.png","Type":"IMAGE","Filepath":"assets/2588ebdb-6f34-4302-ac34-6e69df26c7c2/image.png"},"d9891de1-914d-4448-9e66-8867211b5dc8":{"Name":"Grabbable","Type":"COMPONENT","Filepath":"assets/d9891de1-914d-4448-9e66-8867211b5dc8/Grabbable"},"6329e98a-4311-4457-9198-48d75640f8cc":{"Name":"Grabbable System","Type":"SYSTEM","Filepath":"assets/6329e98a-4311-4457-9198-48d75640f8cc/Grabbable System"}}}