{"settings":{"Skybox":[null,null,null,null,null,null],"User Settings":{"Movement Speed":3,"Enable Flying":true,"User Scale":1,"Swap Joysticks":false},"Acknowledgements":[{"Asset":"VR Gallery Showcase Presentation Building","Author":"Sketchfab User jimbogies","License":"CC Attribution","Source URL":"https://sketchfab.com/3d-models/none-6dc365ac66884e5aa51f8302c7dc299d","Preview Image URL":"https://media.sketchfab.com/models/6dc365ac66884e5aa51f8302c7dc299d/thumbnails/ff1e42da1f4f4e9a95f3ef8b99c9c5d9/6d8db8182d5e4e919dd5b26c6505678d.jpeg"}]},"version":"0.3.3","components":{},"custom_assets":{},"audios":{},"images":{},"lights":{"7605bff2-8ca3-4a47-b6f7-311d745507de":[{"id":"12f8c1b3-3d11-4470-a7df-0ef45aca79e3","name":"Ambient Light","assetId":"7605bff2-8ca3-4a47-b6f7-311d745507de","components":[],"parentId":"dc23454b-9d3c-4c94-b1d2-0448ec28415f","position":[0,0,0],"renderOrder":0,"rotation":[0,0,0],"scale":[1,1,1],"visualEdit":false,"color":16777215,"intensity":3}],"495a9c3f-fa4f-4c55-9a38-74f4f34450cc":[{"id":"f6187e15-99bf-4081-ac64-5f5744b711af","name":"Directional Light","assetId":"495a9c3f-fa4f-4c55-9a38-74f4f34450cc","components":[],"parentId":"dc23454b-9d3c-4c94-b1d2-0448ec28415f","position":[0,0,0],"renderOrder":0,"rotation":[0,0,0],"scale":[1,1,1],"visualEdit":false,"color":16777215,"intensity":3,"direction":[0,-1,0]}]},"materials":{},"models":{"908ae009-67e1-47e7-8eca-eee2f5dbc7da":[{"id":"e31167a3-63f2-4a95-820a-7f1401570a34","name":"VR Gallery Showcase Presentation Building","assetId":"908ae009-67e1-47e7-8eca-eee2f5dbc7da","components":[],"parentId":"dc23454b-9d3c-4c94-b1d2-0448ec28415f","position":[30,0,5],"renderOrder":0,"rotation":[0,0,0],"scale":[0.05,0.05,0.05],"visualEdit":false}]},"shapes":{},"systems":{},"texts":{},"textures":{},"videos":{},"library":{"908ae009-67e1-47e7-8eca-eee2f5dbc7da":{"Name":"VR Gallery Showcase Presentation Building","Type":"MODEL","SketchfabID":"6dc365ac66884e5aa51f8302c7dc299d","Filepath":"assets/908ae009-67e1-47e7-8eca-eee2f5dbc7da/VR Gallery Showcase Presentation Building"}}}