{"settings":{"Skybox":["b5a2bc7a-7b94-42cd-9781-e5b7175bafc8","b5a2bc7a-7b94-42cd-9781-e5b7175bafc8","b5a2bc7a-7b94-42cd-9781-e5b7175bafc8","b5a2bc7a-7b94-42cd-9781-e5b7175bafc8","b5a2bc7a-7b94-42cd-9781-e5b7175bafc8","b5a2bc7a-7b94-42cd-9781-e5b7175bafc8"],"User Settings":{"Movement Speed":3,"Enable Flying":true,"User Scale":1,"Swap Joysticks":false},"Acknowledgements":[{"Asset":"Chibi Bald Business man walk","Author":"Sketchfab User sameka","License":"CC Attribution","Source URL":"https://sketchfab.com/3d-models/none-09b57673f1764047bbf67a143932c45f","Preview Image URL":"https://media.sketchfab.com/models/09b57673f1764047bbf67a143932c45f/thumbnails/07c8bc850a4f4857a497fead6e7659e2/f775f5cb03fd4405a56069855ab823ec.jpeg"}]},"version":"0.3.5","components":{},"custom_assets":{},"audios":{},"images":{"143ff143-1a93-44a8-9e05-5caafbaf76ca":[{"id":"d6de77a0-1ee9-4b20-916f-8e6aef12d716","name":"2.jpg","assetId":"143ff143-1a93-44a8-9e05-5caafbaf76ca","components":[],"isPrivate":false,"parentId":"0113e4fc-ec24-476f-8f7b-904807558c75","position":[1.0606601717798214,-0.33,1.0606601717798212],"renderOrder":0,"rotation":[0,0.7853981633974485,0],"scale":[1,1,1],"visualEdit":false,"side":2}],"c0cc9ee2-be91-472e-a761-33dbd59d4533":[{"id":"be7e1cd5-949a-4497-8d6a-e74eb356b80f","name":"3.jpg","assetId":"c0cc9ee2-be91-472e-a761-33dbd59d4533","components":[],"isPrivate":false,"parentId":"0113e4fc-ec24-476f-8f7b-904807558c75","position":[1.5,-0.66,3.3306690738754696e-16],"renderOrder":0,"rotation":[0,1.5707963267948966,0],"scale":[1,1,1],"visualEdit":false,"side":2}],"2b6006db-03ab-4cea-967d-10376fb3c610":[{"id":"810c4c71-2093-4810-8d46-5a50cd4a6a32","name":"4.jpg","assetId":"2b6006db-03ab-4cea-967d-10376fb3c610","components":[],"isPrivate":false,"parentId":"0113e4fc-ec24-476f-8f7b-904807558c75","position":[1.0606601717798214,-1,-1.0606601717798212],"renderOrder":0,"rotation":[-3.141592653589793,0.7853981633974485,-3.141592653589793],"scale":[1,1,1],"visualEdit":false,"side":2}],"47d33465-1883-4bbd-97e1-5ba16c53debb":[{"id":"1607622a-7ea5-4abf-901d-93582cb15c23","name":"5.jpg","assetId":"47d33465-1883-4bbd-97e1-5ba16c53debb","components":[],"isPrivate":false,"parentId":"0113e4fc-ec24-476f-8f7b-904807558c75","position":[1.8369701987210297e-16,-1.33,-1.5],"renderOrder":0,"rotation":[-3.141592653589793,1.2246467991473532e-16,-3.141592653589793],"scale":[1,1,1],"visualEdit":false,"side":2}],"fada6080-194c-42f9-b00b-573896339445":[{"id":"50465ccf-3aa6-4ca3-81bd-c2fbf3e3115f","name":"6.jpg","assetId":"fada6080-194c-42f9-b00b-573896339445","components":[],"isPrivate":false,"parentId":"0113e4fc-ec24-476f-8f7b-904807558c75","position":[-1.0606601717798214,-1.66,-1.0606601717798214],"renderOrder":0,"rotation":[-3.141592653589793,-0.7853981633974482,-3.141592653589793],"scale":[0.9999999999999999,1,0.9999999999999999],"visualEdit":false,"side":2}],"913c1b25-39e0-4d47-bdfb-6197ff88b4a2":[{"id":"be34c403-f67d-4b9b-9ab2-d3dd038c84bb","name":"7.jpg","assetId":"913c1b25-39e0-4d47-bdfb-6197ff88b4a2","components":[],"isPrivate":false,"parentId":"0113e4fc-ec24-476f-8f7b-904807558c75","position":[-1.5,-2,-3.3306690738754696e-16],"renderOrder":0,"rotation":[0,-1.5707963267948966,0],"scale":[1,1,1],"visualEdit":false,"side":2}],"85c4477a-89d7-4ab5-a05b-bb853bb1fc59":[{"id":"ff1528e9-77c9-4a03-8726-b31ba0acf1d4","name":"8.jpg","assetId":"85c4477a-89d7-4ab5-a05b-bb853bb1fc59","components":[],"isPrivate":false,"parentId":"0113e4fc-ec24-476f-8f7b-904807558c75","position":[-1.0606601717798214,-2.33,1.060660171779821],"renderOrder":0,"rotation":[0,-0.7853981633974485,0],"scale":[1,1,1],"visualEdit":false,"side":2}],"090437ec-5073-4ca4-b7a7-4d839effd884":[{"id":"849396f8-89dd-4219-b9e3-eb4643a48eba","name":"9.jpg","assetId":"090437ec-5073-4ca4-b7a7-4d839effd884","components":[],"isPrivate":false,"parentId":"0113e4fc-ec24-476f-8f7b-904807558c75","position":[0,-2.66,1.5],"renderOrder":0,"rotation":[0,0,0],"scale":[1,1,1],"visualEdit":false,"side":2}],"724b624e-75cb-4995-b573-11549bef95e1":[{"id":"eeecae87-9ebd-40b5-82ce-b179832523f8","name":"10.jpg","assetId":"724b624e-75cb-4995-b573-11549bef95e1","components":[],"isPrivate":false,"parentId":"0113e4fc-ec24-476f-8f7b-904807558c75","position":[1.0606601717798214,-3,1.0606601717798212],"renderOrder":0,"rotation":[0,0.7853981633974485,0],"scale":[1,1,1],"visualEdit":false,"side":2}],"01cd33ae-b1c3-49e5-b732-0c61990f42cb":[{"id":"c16e1ed9-7a1c-4972-b979-f4d522a5ccf7","name":"1.jpg","assetId":"01cd33ae-b1c3-49e5-b732-0c61990f42cb","components":[],"isPrivate":false,"parentId":"0113e4fc-ec24-476f-8f7b-904807558c75","position":[0,0,1.5],"renderOrder":0,"rotation":[0,0,0],"scale":[1,1,1],"visualEdit":false,"side":2}],"d4fd32ab-10dc-49e0-811b-9c5a9814a37e":[{"id":"83f655af-536a-4d7d-a408-f4459226235c","name":"pixel-speech-bubble.png","assetId":"d4fd32ab-10dc-49e0-811b-9c5a9814a37e","components":[],"isPrivate":false,"parentId":"7b7ebe92-18a6-4dcd-bf43-639a07651aab","position":[0.2,0.48,0.025],"renderOrder":1,"rotation":[0,-0.018963164562588754,0],"scale":[1,1,1],"visualEdit":false,"side":2}]},"lights":{"7605bff2-8ca3-4a47-b6f7-311d745507de":[{"id":"1f11e2fa-f86a-4045-be67-48dcda74a674","name":"Ambient Light","assetId":"7605bff2-8ca3-4a47-b6f7-311d745507de","components":[],"isPrivate":false,"parentId":"dc23454b-9d3c-4c94-b1d2-0448ec28415f","position":[0,0,0],"renderOrder":0,"rotation":[0,0,0],"scale":[1,1,1],"visualEdit":false,"color":16777215,"intensity":1}],"495a9c3f-fa4f-4c55-9a38-74f4f34450cc":[{"id":"fac7b621-f3ad-4e83-a77b-e2af5859fcc3","name":"Directional Light","assetId":"495a9c3f-fa4f-4c55-9a38-74f4f34450cc","components":[],"isPrivate":false,"parentId":"dc23454b-9d3c-4c94-b1d2-0448ec28415f","position":[0,0,0],"renderOrder":0,"rotation":[0,0,0],"scale":[1,1,1],"visualEdit":false,"color":16777215,"intensity":10,"direction":[0,-1,-2]}],"944a6b29-05d2-47d9-9b33-60e7a3e18b7d":[{"id":"918ffafc-f937-47c2-9fdf-0415ce53d1e7","name":"Basic Light","assetId":"944a6b29-05d2-47d9-9b33-60e7a3e18b7d","components":[],"isPrivate":false,"parentId":"dc23454b-9d3c-4c94-b1d2-0448ec28415f","position":[0,0,-3],"renderOrder":0,"rotation":[0,0.71061,0],"scale":[1,1,1],"visualEdit":true,"color":16777215,"intensity":20,"distance":0,"decay":2}]},"materials":{"943b7a57-7e8f-4717-9bc6-0ba2637d9e3b":[{"id":"0a075f25-61d5-4b9b-a246-2fc030340bab","name":"Basic Material","assetId":"943b7a57-7e8f-4717-9bc6-0ba2637d9e3b","components":[],"isPrivate":false,"opacity":0,"side":0,"transparent":true,"color":4036976,"combine":0,"reflectivity":1,"refractionRatio":0.98,"wireframe":false}]},"models":{"bef6a9eb-fa16-4cfc-9989-a894ca5f4ed0":[{"id":"7b7ebe92-18a6-4dcd-bf43-639a07651aab","name":"Chibi Business Man","assetId":"bef6a9eb-fa16-4cfc-9989-a894ca5f4ed0","components":[],"isPrivate":false,"parentId":"0113e4fc-ec24-476f-8f7b-904807558c75","position":[0.81563,-3.11865,1.38612],"renderOrder":0,"rotation":[0,0.7854,0],"scale":[1,1,1],"visualEdit":true}]},"shapes":{"a6ffffc9-2cd0-4fb7-a7b1-7f334930af51":[{"id":"0113e4fc-ec24-476f-8f7b-904807558c75","name":"Box","assetId":"a6ffffc9-2cd0-4fb7-a7b1-7f334930af51","components":[],"isPrivate":false,"parentId":"dc23454b-9d3c-4c94-b1d2-0448ec28415f","position":[0,0,-3],"renderOrder":0,"rotation":[0,0,0],"scale":[1,1,1],"visualEdit":false,"materialId":"0a075f25-61d5-4b9b-a246-2fc030340bab","width":0.1,"height":0.1,"depth":0.1,"widthSegments":1,"heightSegments":1,"depthSegments":1}]},"systems":{},"texts":{},"textures":{},"videos":{},"library":{"b5a2bc7a-7b94-42cd-9781-e5b7175bafc8":{"Name":"blue.png","Type":"IMAGE","Filepath":"assets/b5a2bc7a-7b94-42cd-9781-e5b7175bafc8/blue.png"},"bef6a9eb-fa16-4cfc-9989-a894ca5f4ed0":{"Name":"Chibi Bald Business man walk","Type":"MODEL","SketchfabID":"09b57673f1764047bbf67a143932c45f","Filepath":"assets/bef6a9eb-fa16-4cfc-9989-a894ca5f4ed0/Chibi Bald Business man walk"},"01cd33ae-b1c3-49e5-b732-0c61990f42cb":{"Name":"1.jpg","Type":"IMAGE","URL":"http://localhost:8000/a16z/images/1.jpg","IsExternal":true},"143ff143-1a93-44a8-9e05-5caafbaf76ca":{"Name":"2.jpg","Type":"IMAGE","URL":"http://localhost:8000/a16z/images/2.jpg","IsExternal":true},"2b6006db-03ab-4cea-967d-10376fb3c610":{"Name":"4.jpg","Type":"IMAGE","URL":"http://localhost:8000/a16z/images/4.jpg","IsExternal":true},"47d33465-1883-4bbd-97e1-5ba16c53debb":{"Name":"5.jpg","Type":"IMAGE","URL":"http://localhost:8000/a16z/images/5.jpg","IsExternal":true},"fada6080-194c-42f9-b00b-573896339445":{"Name":"6.jpg","Type":"IMAGE","URL":"http://localhost:8000/a16z/images/6.jpg","IsExternal":true},"c0cc9ee2-be91-472e-a761-33dbd59d4533":{"Name":"3.jpg","Type":"IMAGE","URL":"http://localhost:8000/a16z/images/3.jpg","IsExternal":true},"913c1b25-39e0-4d47-bdfb-6197ff88b4a2":{"Name":"7.jpg","Type":"IMAGE","URL":"http://localhost:8000/a16z/images/7.jpg","IsExternal":true},"85c4477a-89d7-4ab5-a05b-bb853bb1fc59":{"Name":"8.jpg","Type":"IMAGE","URL":"http://localhost:8000/a16z/images/8.jpg","IsExternal":true},"724b624e-75cb-4995-b573-11549bef95e1":{"Name":"10.jpg","Type":"IMAGE","URL":"http://localhost:8000/a16z/images/10.jpg","IsExternal":true},"090437ec-5073-4ca4-b7a7-4d839effd884":{"Name":"9.jpg","Type":"IMAGE","URL":"http://localhost:8000/a16z/images/9.jpg","IsExternal":true},"d4fd32ab-10dc-49e0-811b-9c5a9814a37e":{"Name":"pixel-speech-bubble.png","Type":"IMAGE","Filepath":"assets/d4fd32ab-10dc-49e0-811b-9c5a9814a37e/pixel-speech-bubble.png"}}}